id,bid,user_id,用户昵称,微博正文,头条文章url,发布位置,艾特用户,话题,转发数,评论数,点赞数,发布时间,发布工具,微博图片url,微博视频url,retweet_id
4820190744812990,M8tfIkc4S,5953894113,·Fnosubete·,不过现在提起新冠我焦虑恐惧的还真不是这个病,,,,,2,79,1323,2022-10-02 18:28,,,,
4820153034605655,M8sgTjk8L,3266943013,央视网,【#德国警告欧洲冬季疫情已经开始#】#英国今冬或面临流感和新冠叠加风险#近日，欧洲多国就即将到来的冬季疫情浪潮发出警告。英国卫生安全局日前发布公报说，今年冬天英国可能面临流感大范围传播叠加新冠感染激增的双重风险，呼吁民众及时接种两种疫苗。另据美联社消息，德国卫生部部长劳特巴赫在9月30日警告称，随着秋季的到来，德国的每日新增确诊病例数呈上升势头，所以希望老年人们及时接种第二剂新冠疫苗加强针。劳特巴赫还指出，法国、丹麦和荷兰等其他欧洲国家的新冠病例数也在增加，欧洲“显然正处于冬季疫情浪潮的起始阶段”。L央视网的微博视频,,,,"德国警告欧洲冬季疫情已经开始,英国今冬或面临流感和新冠叠加风险",10,13,50,2022-10-02 15:58,微博视频号,,"http://locallimit.us.sinaimg.cn/o0/1eqPGvWdlx07ZFAVmXhm01041200BP7z0E010.mp4?label=mp4_720p&template=1280x720.25.0&ori=0&ps=1BVp4ysnknHVZu&Expires=1666617147&ssig=LiNuiNXLiU&KID=unistore,video",
4820405695810048,M8yQponss,2827102952,湖北日报,【2022年10月2日湖北省新冠肺炎疫情情况】10月2日0-24时，全省新增本土确诊病例0例，新增本土无症状感染者4例（荆州市3例；荆门市1例，系新疆来鄂闭环管控人员），新增境外输入确诊病例0例，新增境外输入无症状感染者2例（菲律宾输入1例，土耳其输入1例），新增疑似病例0例，新增死亡病例0例，当日出院病例0例，当日解除无症状感染者医学观察23例（荆州市4例，随州市2例，恩施州16例；境外输入1例）。截至10月2日24时，在定点医疗机构治疗的本土确诊病例1例（在武汉市，轻型），疑似病例0例。尚在集中隔离医学观察的本土无症状感染者53例（武汉市20例，襄阳市2例，荆州市10例，荆门市2例，鄂州市4例，随州市2例，恩施州12例，潜江市1例）。在定点医疗机构治疗的境外输入确诊病例2例，均为轻型；尚在集中隔离医学观察的境外输入无症状感染者24例。全省累计治愈出院63915例，累计病亡4512例，累计报告新冠肺炎确诊病例68430例。尚在集中隔离医学观察的密切接触者5667人。#武汉疫情防控#（来源：湖北省卫生健康委员会官网）,,,,武汉疫情防控,8,34,101,2022-10-03 08:42,,['https://wx1.sinaimg.cn/large/0035keCIgy1h6rt392j0cj60ku0kuabb02.jpg'],,
4820110445644293,M8racnGkZ,1561015262,我是西蒙周,【泰国版“健康码”停止运行，资料销毁！曼谷防疫措施全部撤销！】泰国头条新闻社讯10月1日，泰国总理府副发言人拉差妲透露，为顺应自今日起将新冠视为监测性传染病的政策，泰国公共卫生部疾控厅关闭疫情追踪软件“医生胜利”，于此同时销毁系统中的所有数据。此外，外交部领事事务局也取消了针对外籍游客入境的新冠相关文件审查，如疫苗接种证明、登机前72小时核酸检测结果。O泰国版“健康码”停止运行，资料销毁！曼谷防疫措施全部撤销！拉差妲表示，虽然政府降低了新冠疫情的严重性，但仍继续密切监控疫情，包括加强疫苗接种工作，尤其是老年人。此外，仍支持民众保持距离、在拥挤的地方戴口罩，轻症患者积极使用ATK检测。目前，政府已经为6个月至4岁的儿童提供了300万剂辉瑞疫苗，预计将于10月下旬抵达，并为全国儿童接种。,,,,,425,34,908,2022-10-02 13:09,HUAWEI P40 Pro 5G,,,
4820337492230693,M8x4p9miV,2416547272,红山晚报,#赤峰市新冠肺炎疫情防控工作指挥部通告#赤峰市新冠肺炎疫情防控工作指挥部通告〔2022〕59号2022年10月2日，林西县从呼和浩特市返回人员中检测出1例新冠病毒阳性感染者，流调发现该病例曾在中心城区购物且关联人数较多。为全面排查潜在隐患，最大限度降低疫情传播风险，确保广大人民群众生命安全和身体健康，经市新冠肺炎疫情防控工作指挥部研究，决定在规定区域内开展一轮区域核酸检测，现将有关事宜通告如下：一、核酸检测时间2022年10月3日6时开始，进行1轮区域核酸检测。二、核酸检测人员范围红山区全域、元宝山区全域、松山区城区、喀喇沁旗和美工业园区所有人员，包含外来人员和流动人员。三、相关要求（一）参加完核酸检测的居民立即返回家中，居家等待通知，社区（村）实行封闭管理。检测区域范围内人员从10月3日起三日内非必要不离赤，确因特殊情况需离开的，由所在社区、单位开具证明，经所属街道（乡镇）同意，并持48小时内2次（间隔24小时以上）核酸检测阴性证明离赤。（二）检测区域范围内除保障市民生活和城市基本运行的水、电、燃油、燃气、通讯、环卫、物流、快递、粮油肉菜供应、生活超市（含农贸市场）、药店、医疗机构及工业、建筑业等企业外，KTV、电影院、健身房、室内游泳馆、酒吧、洗浴中心、棋牌室等其他营业场所、门店暂停营业。各餐饮单位暂时取消堂食，可提供打包带走、外卖服务。保障市民生活和城市基本运行及疫情防控工作人员可凭电子通行证出行，如已过期可重新申请。（三）10月3日0时起，检测区域范围内公交车、出租车、网约车暂停营运，各旗县区发往检测区域范围内客运班车、检测区域范围内发往市外及市内其他旗县区的客运班车暂停营运。疫情防控车辆、保障城市运行及物资货运的车辆正常运行。所有进入检测区域的货运车辆司乘人员进行免费落地核酸检测，即采即走。离开检测区域范围内的货运车辆按此通告发布前政策执行。（四）检测区域范围内各类药店、诊所暂停销售退热、止咳、抗病毒、抗生素“四类”药品，并在醒目位置张贴告示，引导有“四类”药品购买需求的人员到发热门诊就诊。请广大市民积极配合落实防控措施，如出现发热、干咳、乏力、咽痛、嗅（味）觉减退、腹泻等症状，请勿自行服药，须全程佩戴一次性医用外科口罩第一时间到发热门诊就诊。（五）检测区域范围内暂停举办展销会、宴会、庆典、招聘会等聚集性活动。（六）拟于10月3日开学的学校推迟开学时间，可开展线上教学，住宿生在学校内封闭管理。（七）检测区域范围内所有党员、公职人员（除承担指挥部防疫任务的人员外）均应主动向居住地所在社区报到转为社区志愿者，服从统一安排，参与疫情防控工作。（八）请广大市民密切关注官方媒体发布的权威信息，如果与公布的确诊病例行程轨迹有时空交集，须第一时间主动向所在社区、工作单位或所住酒店报备，配合落实健康监测、核酸检测、隔离医学观察、个人防护等防控措施。上述措施自本通告发布之日起施行，后续根据疫情形势进行动态调整，请广大市民严格遵守并积极配合。对违反通告规定及造谣传谣、谎报瞒报疫情、发布不实信息、哄抬物价等违法行为，公安机关和相关部门将依法严厉打击处理。市指挥部电话：87813828301652红山区指挥部电话：8353355元宝山区指挥部电话：3510822松山区指挥部电话：8466846喀喇沁旗指挥部电话：37528642022年10月3日,,,,赤峰市新冠肺炎疫情防控工作指挥部通告,37,101,473,2022-10-03 04:11,真我V11 5G,['https://wx2.sinaimg.cn/large/900995c8ly1h6rl7qizjqj20u00u03z8.jpg'],,
4819660158272888,M8frVyI9G,1962787713,健康广东,#2022年10月1日广东省新冠肺炎疫情情况#9月30日0-24时，全省新增本土确诊病例17例（深圳16例，韶关1例）；新增本土无症状感染者21例（深圳19例，惠州2例）；另有5例本土无症状感染者转确诊病例（广州2例，惠州3例）。全省新增境外输入确诊病例11例（广州3例，深圳6例，珠海1例，佛山1例）；新增境外输入无症状感染者29例（广州14例，深圳7例，佛山1例，东莞4例，中山3例）。全省新增出院14例（境外输入9例），目前在院265例（境外输入148例）；新增解除医学观察无症状感染者17例（境外输入16例），尚在医学观察无症状感染者195例（境外输入141例）。截至9月30日24时，全省累计报告新冠肺炎阳性感染者20327例（境外输入12885例），其中确诊病例10055例（境外输入5345例），无症状感染者10272例（境外输入7540例）。,,,,,51,205,938,2022-10-01 07:19,坚果 R2,['https://wx1.sinaimg.cn/large/74fdc381gy1h6pfg285nsj20u00cutaz.jpg'],,
4819709093219966,M8gIRdvEW,1918021250,东方网,【托同事代做核酸后确诊致疫情传播，上海一对夫妻被刑事立案侦查】记者从上海市公安局获悉，上海警方查获一起妨害传染病防治案件，2名涉案人员已被公安机关刑事立案侦查。经查，9月27日，刘某宁（男，39岁）、陈某（女，39岁）夫妇在明知刘某宁有不适症状可能感染新冠病毒情况下，多次出入公共场所，并委托同事戴某余（男，38岁）和戴的女友潘某安（女，27岁）代做核酸检测。后刘某宁、陈某被确诊感染新冠病毒，造成疫情传播。目前，上述人员均已落实隔离管控措施。警方以涉嫌妨害传染病防治罪对刘某宁、陈某刑事立案侦查。对戴某余、潘某安的违法行为，将在2人隔离结束后予以行政处罚。警方提示，上海的疫情防控成果来之不易，当前疫情防控形势依然严峻，广大市民应自觉遵守防疫规定，积极配合疾控流调工作，对违反相关规定造成疫情传播风险的，警方将依法严厉打击。（东方网记者：薛宁薇）,,,,,68,61,282,2022-10-01 10:34,微博 weibo.com,['https://wx4.sinaimg.cn/large/0025NOWCgy1h6pl1ye0iaj60hs0p5goa02.jpg'],,
4820045261442363,M8pt463dV,1895394815,荆楚网,【2022年10月1日湖北省新冠肺炎疫情情况】10月1日0-24时，全省新增本土确诊病例1例（武汉市1例，轻型，重点人员检测发现），新增本土无症状感染者5例（武汉市1例，襄阳市1例，荆门市1例，随州市2例，均为新疆来返鄂闭环转运人员和落地检中发现），新增境外输入确诊病例0例，新增境外输入无症状感染者1例（为菲律宾输入），新增疑似病例0例，新增死亡病例0例，当日出院病例0例，当日解除无症状感染者医学观察19例（武汉市1例，鄂州市2例，随州市1例，恩施州15例）。截至10月1日24时，在定点医疗机构治疗的本土确诊病例1例（在武汉市，轻型），疑似病例0例。尚在集中隔离医学观察的本土无症状感染者71例（武汉市20例，襄阳市2例，荆州市11例，荆门市1例，鄂州市4例，随州市4例，恩施州28例，潜江市1例）。在定点医疗机构治疗的境外输入确诊病例2例，均为轻型；尚在集中隔离医学观察的境外输入无症状感染者23例。全省累计治愈出院63915例，累计病亡4512例，累计报告新冠肺炎确诊病例68430例。尚在集中隔离医学观察的密切接触者5285人。,,,,,12,31,107,2022-10-02 08:50,微博 weibo.com,['https://wx4.sinaimg.cn/large/0024gSM7gy1h6qni6yh8jj60hs0hsgmz02.jpg'],,
4819734501001805,M8hnQ4cC9,5890672121,搜狐新闻,【2人委托同事代做核酸后确诊被上海警方刑事立案】记者从上海市公安局获悉，上海警方查获一起妨害传染病防治案件。经查，9月27日，刘某宁（男，39岁）、陈某（女，39岁）夫妇在明知刘某宁有不适症状可能感染新冠病毒情况下，多次出入公共场所，并委托同事戴某余（男，38岁）和戴的女友潘某安（女，27岁）代做核酸检测。后刘某宁、陈某被确诊感染新冠病毒，造成疫情传播。目前，上述人员均已落实隔离管控措施。警方以涉嫌妨害传染病防治罪对刘某宁、陈某刑事立案侦查。对戴某余、潘某安的违法行为，将在2人隔离结束后予以行政处罚。更多详细内容请查看原文>>O网页链接,,,,,268,518,10954,2022-10-01 12:15,微博 weibo.com,['https://wx4.sinaimg.cn/large/006qEEUFly1h6pnyuz1gej30u016fn13.jpg'],,
4820424078133371,M8zk3y7Rp,2967529507,津云,#津日疫情播报#【10月2日0时至24时天津新增21例本土阳性感染者均为管控人员】记者从市疫情防控指挥部获悉，2022年10月2日0时至24时，我市疾控部门报告新增21例本土新冠病毒核酸检测阳性感染者，均为管控人员筛查发现。其中确诊病例1例（轻型），无症状感染者20例。　　21例阳性感染者详情如下：　　阳性感染者1，男，34岁，居住于天津市经济技术开发区，系管控人员筛查发现，10月1日采集咽拭子，经检测中心检测，结果呈阳性，为新冠病毒无症状感染者。　　阳性感染者2，男，59岁，居住于天津市经济技术开发区，系管控人员筛查发现，10月1日采集咽拭子，经检测中心检测，结果呈阳性，为新冠病毒无症状感染者。　　阳性感染者3，男，40岁，居住于天津市经济技术开发区，系管控人员筛查发现，10月2日采集咽拭子，经检测中心检测，结果呈阳性，为新冠病毒无症状感染者。　　阳性感染者4，男，36岁，居住于天津市经济技术开发区，系管控人员筛查发现，10月2日采集咽拭子，经检测中心检测，结果呈阳性，为新冠病毒无症状感染者。　　阳性感染者5，男，33岁，居住于天津市经济技术开发区，系管控人员筛查发现，10月2日采集咽拭子，经检测中心检测，结果呈阳性，为新冠病毒无症状感染者。　　阳性感染者6，男，29岁，居住于天津市经济技术开发区，系管控人员筛查发现，10月2日采集咽拭子，经检测中心检测，结果呈阳性，为新冠病毒无症状感染者。　　阳性感染者7，男，30岁，居住于天津市经济技术开发区，系管控人员筛查发现，10月2日采集咽拭子，经检测中心检测，结果呈阳性，为新冠病毒无症状感染者。　　阳性感染者8，男，21岁，居住于天津市经济技术开发区，系管控人员筛查发现，10月2日采集咽拭子，经检测中心检测，结果呈阳性，为新冠肺炎确诊病例（轻型）。　　阳性感染者9，男，38岁，居住于天津市经济技术开发区，系管控人员筛查发现，10月2日采集咽拭子，经检测中心检测，结果呈阳性，为新冠病毒无症状感染者。　　阳性感染者10，男，18岁，居住于天津市经济技术开发区，系管控人员筛查发现，10月2日采集咽拭子，经检测中心检测，结果呈阳性，为新冠病毒无症状感染者。　　阳性感染者11，男，47岁，居住于天津市经济技术开发区，系管控人员筛查发现，10月2日采集咽拭子，经检测中心检测，结果呈阳性，为新冠病毒无症状感染者。　　阳性感染者12，男，41岁，居住于天津市经济技术开发区，系管控人员筛查发现，10月2日采集咽拭子，经检测中心检测，结果呈阳性，为新冠病毒无症状感染者。　　阳性感染者13，男，39岁，居住于天津市经济技术开发区，系管控人员筛查发现，10月2日采集咽拭子，经检测中心检测，结果呈阳性，为新冠病毒无症状感染者。　　阳性感染者14，女，33岁，居住于天津市南开区长虹街，系管控人员筛查发现，10月2日采集咽拭子，经检测中心检测，结果呈阳性，为新冠病毒无症状感染者。　　阳性感染者15，男，20岁，居住于天津市滨海新区杭州道街，系管控人员筛查发现，10月2日采集咽拭子，经检测中心检测，结果呈阳性，为新冠病毒无症状感染者。　　阳性感染者16，男，14岁，居住于天津市滨海新区杭州道街，系管控人员筛查发现，10月2日采集咽拭子，经检测中心检测，结果呈阳性，为新冠病毒无症状感染者。　　阳性感染者17，男，35岁，居住于天津市经济技术开发区，系管控人员筛查发现，10月2日采集咽拭子，经检测中心检测，结果呈阳性，为新冠病毒无症状感染者。　　阳性感染者18，女，33岁，居住于天津市滨海新区新北街，系管控人员筛查发现，10月2日采集咽拭子，经检测中心检测，结果呈阳性，为新冠病毒无症状感染者。　　阳性感染者19，男，46岁，居住于天津市滨海新区新港街，系管控人员筛查发现，10月2日采集咽拭子，经检测中心检测，结果呈阳性，为新冠病毒无症状感染者。　　阳性感染者20，女，73岁，居住于天津市滨海新区杭州道街，系管控人员筛查发现，10月2日采集咽拭子，经检测中心检测，结果呈阳性，为新冠病毒无症状感染者。　　阳性感染者21，男，23岁，外地返津人员，系管控人员筛查发现，10月1日抵津后即闭环转运并隔离管控，10月2日采集核酸，经检测中心检测，结果呈阳性，为新冠病毒无症状感染者。,,,,津日疫情播报,19,130,401,2022-10-03 09:55,微博 weibo.com,['https://wx2.sinaimg.cn/large/b0e0e823ly1h6rv6312yuj20ku09675a.jpg'],,
4820030153558594,M8p4HeVKG,2539961154,上海发布,【10月1日（0-24时）上海新增本土确诊病例1例和无症状感染者4例】#最新#市卫健委今早（10月2日）通报：2022年10月1日0—24时，新增本土新冠肺炎确诊病例1例和无症状感染者4例，均在隔离管控中发现。新增境外输入性新冠肺炎确诊病例4例和无症状感染者14例，均在闭环管控中发现。#上海战疫##上海加油#,,,,"最新,上海战疫,上海加油",108,76,321,2022-10-02 07:50,微博 weibo.com,['https://wx3.sinaimg.cn/large/002LTpVogy1h6qlxbox6hj60k062m1kx02.jpg'],,
4820409990777063,M8yXl3g9h,2011075080,齐鲁晚报,【临沂市在省外入鲁集中隔离人员中发现1例本土无症状感染者】2022年10月3日凌晨，临沂市在省外入鲁集中隔离人员中发现1例新冠肺炎阳性感染者，经专家组诊断为新冠肺炎无症状感染者。该无症状感染者乘坐其丈夫驾驶货车自省外重点地区来临，10月2日经闭环接驳转入集中隔离点，核酸检测异常，3日凌晨复核阳性。目前，该无症状感染者已闭环转运至市级定点医院隔离观察治疗。流调溯源、隔离转运、核酸检测等工作正在进行。经研判，疫情风险总体可控，相关信息将及时发布。2022年10月2日0时至24时，全市本土无症状感染者解除医学观察4例。截至目前，尚有在市级定点医院隔离观察治疗的无症状感染者6例。请广大群众自觉遵守疫情防控相关规定，不信谣、不传谣、不造谣，及时关注官方发布的权威信息。时刻保持个人防护意识，戴口罩，勤洗手，常通风，少聚集，用公筷，保持安全社交距离。如出现发热、咳嗽等症状，佩戴好一次性医用外科口罩，及时到就近的发热门诊就诊，就诊过程中，避免乘坐公共交通工具。临沂市委统筹疫情防控和经济运行工作领导小组（指挥部)办公室2022年10月3日,,,,,2,13,22,2022-10-03 08:59,微博 weibo.com,"['https://wx4.sinaimg.cn/large/002c6guQly1h6rtjofvpsj60ku0ku40o02.jpg', 'https://wx1.sinaimg.cn/large/002c6guQly1h6rtjjmbfxj60u02rn15902.jpg']",,
4820450192395882,M8A0ba3hg,1749990115,北京青年报,"#北京大兴区报告1名阳性人员#【北京大兴区黄村镇狼垡一村报告1名阳性人员，划定高中风险区】2022年10月2日，大兴区黄村镇狼垡一村出现一名新冠病毒核酸检测阳性人员，根据疾控部门意见，现就大兴区黄村镇狼垡一村风险区域划定的有关事宜通告如下：一、自2022年10月2日20时30分起，大兴区黄村镇狼垡一村内东至锅炉房西路、南至狼垡前街、西至高庙路、北至场院街的区域划定为高风险区，实行“足不出户、上门服务”管控措施；狼垡一村除上述高风险区以外其他行政区域划定为中风险区，实行“人不出区、错峰取物”管控措施；黄村镇除高风险区、中风险区外的其他区域划为低风险区，实行“个人防护、避免聚集”管控措施。二、风险区域划定期间，广大村民要按照要求，配合属地进行核酸及抗原检测，并做好自我健康监测，如出现发热、咳嗽等症状应及时主动向村委会如实报告。积极配合落实好各项防控措施及疾控部门开展的流调工作，对拒不服从管理、私自闯卡进出、隐瞒行程的，公安机关将依法依规追究相关责任。风险区域划定期间，广大村民如遇有困难或咨询事项，请拨打狼垡一村村委会电话：61222094,13910891432；黄村镇防控办电话：60216667（24小时），69246905。大兴区疾控部门将根据疫情变化形势适时调整防控措施。请广大村民予以理解、支持和配合。特此通告。大兴区新型冠状病毒肺炎疫情防控工作领导小组办公室2022年10月2日",,,,北京大兴区报告1名阳性人员,11,42,131,2022-10-03 11:39,微博 weibo.com,"['https://wx3.sinaimg.cn/large/001UqMn1ly1h6ry753eqdj60r40x37aw02.jpg', 'https://wx2.sinaimg.cn/large/001UqMn1ly1h6ry6orv6fj60dw0dwq3w02.jpg']",,
4820154573133300,M8sjnd976,1644809731,青枚煮菁瓜,有个在漂亮国的朋友，第二次得新冠了。她是被同事传染的，轻症。那个传染她的同事重症，说是要休息两个月【是医生要求还是ta自己要求就不知道了】，结果被老板解雇了。吓得我这朋友新冠第七天就赶回去上班了。,,,,,96,40,1017,2022-10-02 16:04,微博 weibo.com,,,
4820404714342121,M8yOPidAd,1798653494,经视直播官方微博,【10月2日湖北省新冠肺炎疫情情况】10月2日0-24时，湖北新增本土确诊病例0例，新增本土无症状感染者4例（荆州市3例；荆门市1例，系新疆来鄂闭环管控人员），新增境外输入确诊病例0例，新增境外输入无症状感染者2例（菲律宾输入1例，土耳其输入1例），新增疑似病例0例，新增死亡病例0例，当日出院病例0例，当日解除无症状感染者医学观察23例（荆州市4例，随州市2例，恩施州16例；境外输入1例）。截至10月2日24时，在定点医疗机构治疗的本土确诊病例1例（在武汉市，轻型），疑似病例0例。尚在集中隔离医学观察的本土无症状感染者53例（武汉市20例，襄阳市2例，荆州市10例，荆门市2例，鄂州市4例，随州市2例，恩施州12例，潜江市1例）。在定点医疗机构治疗的境外输入确诊病例2例，均为轻型；尚在集中隔离医学观察的境外输入无症状感染者24例。湖北累计治愈出院63915例，累计病亡4512例，累计报告新冠肺炎确诊病例68430例。尚在集中隔离医学观察的密切接触者5667人。#湖北昨日新增4例本土无症状#,,,,湖北昨日新增4例本土无症状,4,12,20,2022-10-03 08:38,,['https://wx1.sinaimg.cn/large/6b354636gy1h6rsy2q3uoj20xc0xc77l.jpg'],,
4820035857810900,M8pdTwLYg,1801817195,辽沈晚报,【2022年10月1日0时至24时辽宁新型冠状病毒肺炎疫情情况】10月1日0-24时，辽宁省新增1例本土无症状感染者，为大连市报告；新增1例境外输入新冠肺炎确诊病例和2例境外输入无症状感染者，均为沈阳市报告。治愈出院本土新冠肺炎确诊病例1例、境外输入新冠肺炎确诊病例2例；解除医学观察本土无症状感染者5例、境外输入无症状感染者1例。　　截至10月1日24时，全省累计报告确诊病例1895例（含境外输入300例），治愈出院1876例，死亡2例，在院治疗17例（本土5例、境外输入12例）。目前，尚在医学观察的无症状感染者47例（本土20例、境外输入27例）。,,,,,17,32,112,2022-10-02 08:12,,['https://wx1.sinaimg.cn/large/001XWeXFly1h6qmkzrkecj60wa0p77aq02.jpg'],,
4820205240588217,M8tD62t1n,1988438334,重庆发布,#重庆疫情通报#【沙坪坝区对回龙坝镇部分区域实施临时管控】10月2日，重庆市沙坪坝区新冠肺炎疫情防控指挥部发布关于对回龙坝镇部分区域实施临时管控的通告。具体如下↓↓↓,,,,重庆疫情通报,21,58,84,2022-10-02 19:25,360安全浏览器,['https://wx2.sinaimg.cn/large/002azhE2ly1h6r61bie1mj60ns0nl44h02.jpg'],,
4820211855525333,M8tNLnboh,2099300141,犀小莉,关于新冠的危害程度已经低于流感这个说法，我问一个问题，看看有没有合理的解释：假设新冠危害程度已经低于流感这个说法是正确的，当然很多欧美主要国家也宣布新冠疫情已经结束。那么，为什么欧美的顶级精英们，只要得了新冠，还是会被欧美自己的媒体所报道的。但是若是其中有人得了流感，却没见过上了哪个新闻。这是因为新冠的危害程度低，但是新闻价值高吗？,,,,,12,68,302,2022-10-02 19:52,微博 weibo.com,,,
4820215063906823,M8tSWgolh,1601134657,梅花冷人,北溪被炸，我第一次感受到生活在中国的好处，党妈真的是党妈，抱紧党妈的大腿，团结在党妈的周围，苟过新冠世代。,,,,,8,8,154,2022-10-02 20:04,微博 weibo.com,,,
4820405221853735,M8yPE7MeX,3205295640,中新浙里,【10月3日0-8时，#杭州新增4例新冠病毒无症状感染者#，集中隔离点检出】10月3日0-8时，杭州新增4例新冠病毒无症状感染者，集中隔离点检出。#浙江战疫要闻#无症状感染者1-4：均为省外来杭人员，抵达后即纳入管控，集中隔离点检出。目前以上人员已闭环转运至定点医院隔离，情况稳定。希望广大市民积极配合疫情防控工作，进一步提高防范意识，持续做好个人日常防护，按要求参加常态化核酸检测。省外来杭返杭人员，要提前主动向所在社区报备，可通过下方小程序进行申报，建议在抵杭前24小时内完成报备，并配合落实相应的疫情防控措施。#杭州疫情##杭州新增4例无症状感染者#,,,,"杭州新增4例新冠病毒无症状感染者,浙江战疫要闻,杭州疫情,杭州新增4例无症状感染者",6,36,251,2022-10-03 08:40,微博 weibo.com,['https://wx1.sinaimg.cn/large/bf0cee18ly1h6rsz494vnj20u00uhaef.jpg'],,
4820108083989549,M8r6ogJRz,3791500720,老出差的程序员,北溪被炸以后再回头看看武汉新冠爆发，你还那么相信病毒是自然产生的吗？我宁可相信北溪管道是自己炸的，没有人为因素。,,,,,74,120,1141,2022-10-02 12:59,新版微博 weibo.com,,,
4820422736742218,M8zhTshXs,3939426052,地瓜熊老六,日本最美女议员吉羽美华，利用新冠病毒非法集资诈骗数十亿日元，吉羽美华分赃得6亿多日元。因为她的情人渡部秀规报警说吉羽美华偷了他1亿多日元，日本警方才发现了这个诈骗团伙。日本不是躺平与病毒共存了嘛，怎么还能利用病毒非法集资诈骗,,,,,28,41,290,2022-10-03 09:50,子柒的最爱Android,"['https://wx2.sinaimg.cn/large/004iBqFSly1h6ruzlz8l5j60b80go0xj02.jpg', 'https://wx4.sinaimg.cn/large/004iBqFSly1h6ruzm841aj60ah0hrjvr02.jpg']",,
4820040644035538,M8plCgVPk,1156281873,方脑壳邓铂鋆,德国10月1日起进入医疗机构需要当日新冠核酸阴性报告。谁是抗疫爱好者？谁是核酸爱好者？,,,,,16,28,151,2022-10-02 08:31,HUAWEI Mate 9,['https://wx4.sinaimg.cn/large/44eb7611ly1h6qn06pvevj20u01cae18.jpg'],,
4819690407332956,M8geIuLDu,5704916395,泰国网,#泰国事儿#【今起泰国入境恢复常态化取消核检及疫苗接种证明】9月30日，泰国驻华大使馆发布有关“自2022年10月1日起，入境泰国的更新信息及相关措施”提醒，内容显示：自2022年10月1日起，入境泰国取消所有与新冠相关的入境政策。包括：核酸检测报告、疫苗接种证明等相关文件。泰国入境政策恢复至新冠疫情以前。也就表示，入境泰国恢复常态化。（来源：泰国驻华大使馆）O网页链接,,,,泰国事儿,47,93,911,2022-10-01 09:20,微博 weibo.com,"['https://wx3.sinaimg.cn/large/006e5fmzgy1h6piwmbbr6j30u00l7jwp.jpg', 'https://wx4.sinaimg.cn/large/006e5fmzgy1h6piwmgh34j30u00l7tbx.jpg']",,
4820522543618252,M8BSSfbgU,1644948230,北京头条,【#北京丰台新增1例新冠肺炎病毒感染者#】#北京丰台新增感染者轨迹公布#10月2日15时至10月3日15时，丰台区新增1例新冠肺炎病毒感染者，现住址花乡街道陈留村平房区，工作于新发地市场强农门岗亭，曾于9月29日20时前往益智发超市（黄陈路店）购物约10分钟。与上述风险点位有同时空交集人员、接到健康宝弹窗提示人员，请立即主动向所在社区（村）、工作单位、居住酒店报告，配合落实各项防控措施。出现新增病例后，丰台区立即组织全面排查、深挖风险，对关联风险点位和风险人员迅速落实管控措施，对公共空间开展多点位的环境采样和消毒。截至目前，相关风险点位已完成现场排查，初步判定密接人员73人，均已落位管控，当前已出核酸检测结果均为阴性。同时，配强力量持续做好市场防疫各项工作，保障市场交易秩序，目前除风险区域外其他市场区域运转平稳有序。在此，提醒近期到访过新发地市场相关风险区域的人员，请立即主动向所在社区（村）、工作单位、居住酒店报告，及时、准确、完整提供行程信息，配合落实各项防控措施。,,,,"北京丰台新增1例新冠肺炎病毒感染者,北京丰台新增感染者轨迹公布",17,21,118,2022-10-03 16:26,微博 weibo.com,['https://wx3.sinaimg.cn/large/001Nk2b4ly1h6s6hw2makj60ds0dtgm402.jpg'],,
4820516630696786,M8BJl2Vgu,2458873097,新浪黑龙江,【#哈尔滨疫情防控#警情通报】2022年10月3日凌晨，哈尔滨市香坊区在对省外来哈重点人群核酸检测中发现2例新冠病毒阳性感染者。经查，马某（男，35岁，货车司机）、祁某民（男，41岁，同车司机）于10月2日下午驾驶货车进入哈市龙园果蔬批发市场。两人明知运输货物进入市区和批发市场均需闭环管理，故意隐瞒自身途经疫情中高风险区域相关行程轨迹，与石某贤（女，46岁，龙园果蔬批发市场销售业户）串通，使用虚假产地证明，规避查验违规进入批发市场。马某、祁某民、石某贤的行为严重违反疫情防控规定，造成疫情重大传播风险。目前，我局对上述三人以涉嫌妨害传染病防治罪立案调查，依法追究法律责任。警方提示：广大群众应自觉遵守防疫规定，积极配合做好抵返哈防疫工作，对违反相关规定，造成疫情传播风险的，警方将依法严惩。（via：平安哈尔滨）,,,,哈尔滨疫情防控,21,58,206,2022-10-03 16:03,微博 weibo.com,['https://wx4.sinaimg.cn/large/928f6d09ly1h6s5srq125j20dc0rkq6o.jpg'],,
4820052546949635,M8pEOt9UT,1960785875,今晚报,#津日疫情播报#【10月1日0时至24时天津新增29例本土阳性感染者均为管控人员】记者从市疫情防控指挥部获悉，2022年10月1日0时至24时，我市疾控部门报告新增29例本土新冠病毒核酸检测阳性感染者，均为管控人员筛查发现。其中确诊病例3例（均为轻型），无症状感染者26例。　　29例阳性感染者详情如下：　　阳性感染者1，男，81岁，居住于天津市滨海新区新北街，系管控人员筛查发现，9月30日采集咽拭子，经检测中心检测，10月1日结果呈阳性，为新冠病毒无症状感染者。　　阳性感染者2，男，33岁，居住于天津市经济技术开发区，系管控人员筛查发现，9月30日采集咽拭子，经检测中心检测，10月1日结果呈阳性，为新冠病毒无症状感染者。　　阳性感染者3，男，32岁，居住于天津市经济技术开发区，系管控人员筛查发现，9月30日采集咽拭子，经检测中心检测，10月1日结果呈阳性，为新冠病毒无症状感染者。　　阳性感染者4，男，27岁，居住于天津市经济技术开发区，系管控人员筛查发现，9月30日采集咽拭子，经检测中心检测，10月1日结果呈阳性，为新冠病毒无症状感染者。　　阳性感染者5，男，39岁，居住于天津市经济技术开发区，系管控人员筛查发现，9月30日采集咽拭子，经检测中心检测，10月1日结果呈阳性，为新冠病毒无症状感染者。　　阳性感染者6，男，48岁，居住于天津市滨海新区新北街，系管控人员筛查发现，9月30日采集咽拭子，经检测中心检测，10月1日结果呈阳性，为新冠病毒无症状感染者。　　阳性感染者7，男，61岁，居住于天津市滨海新区新北街，系管控人员筛查发现，9月30日采集咽拭子，经检测中心检测，10月1日结果呈阳性，为新冠病毒无症状感染者。　　阳性感染者8，女，59岁，居住于天津市滨海新区泰达街，系管控人员筛查发现，9月30日采集咽拭子，经检测中心检测，10月1日结果呈阳性，为新冠病毒无症状感染者。　　阳性感染者9，女，36岁，居住于天津市滨海新区泰达街，系管控人员筛查发现，9月30日采集咽拭子，经检测中心检测，10月1日结果呈阳性，为新冠病毒无症状感染者。　　阳性感染者10，女，58岁，居住于天津市经济技术开发区，系管控人员筛查发现，9月30日采集咽拭子，经检测中心检测，10月1日结果呈阳性，为新冠肺炎确诊病例（轻型）。　　阳性感染者11，男，38岁，居住于天津市东丽区丰年村街，系管控人员筛查发现，10月1日采集咽拭子，经检测中心检测，结果呈阳性，为新冠病毒无症状感染者。　　阳性感染者12，女，14岁，居住于天津市东丽区万新街，系管控人员筛查发现，10月1日采集咽拭子，经检测中心检测，结果呈阳性，为新冠病毒无症状感染者。　　阳性感染者13，女，40岁，居住于天津市西青区津门湖街，系管控人员筛查发现，10月1日采集咽拭子，经检测中心检测，结果呈阳性，为新冠肺炎确诊病例（轻型）。　　阳性感染者14，男，19岁，居住于天津市经济技术开发区，系管控人员筛查发现，10月1日采集咽拭子，经检测中心检测，结果呈阳性，为新冠病毒无症状感染者。　　阳性感染者15，男，24岁，居住于天津市经济技术开发区，系管控人员筛查发现，10月1日采集咽拭子，经检测中心检测，结果呈阳性，为新冠病毒无症状感染者。　　阳性感染者16，男，36岁，居住于天津市经济技术开发区，系管控人员筛查发现，10月1日采集咽拭子，经检测中心检测，结果呈阳性，为新冠病毒无症状感染者。　　阳性感染者17，男，34岁，居住于天津市经济技术开发区，系管控人员筛查发现，10月1日采集咽拭子，经检测中心检测，结果呈阳性，为新冠病毒无症状感染者。　　阳性感染者18，男，33岁，居住于天津市经济技术开发区，系管控人员筛查发现，10月1日采集咽拭子，经检测中心检测，结果呈阳性，为新冠病毒无症状感染者。　　阳性感染者19，女，29岁，居住于天津市河北区鸿顺里街，系管控人员筛查发现，10月1日采集咽拭子，经检测中心检测，结果呈阳性，为新冠病毒无症状感染者。　　阳性感染者20，女，28岁，居住于天津市河北区鸿顺里街，系管控人员筛查发现，10月1日采集咽拭子，经检测中心检测，结果呈阳性，为新冠病毒无症状感染者。　　阳性感染者21，男，33岁，居住于天津市经济技术开发区，系管控人员筛查发现，10月1日采集咽拭子，经检测中心检测，结果呈阳性，为新冠病毒无症状感染者。　　阳性感染者22，男，58岁，居住于天津市滨海新区新港街，系管控人员筛查发现，10月1日采集咽拭子，经检测中心检测，结果呈阳性，为新冠病毒无症状感染者。　　阳性感染者23，男，33岁，居住于天津市经济技术开发区，系管控人员筛查发现，10月1日采集咽拭子，经检测中心检测，结果呈阳性，为新冠肺炎确诊病例（轻型）。　　阳性感染者24，男，35岁，居住于天津市滨海新区新港街，系管控人员筛查发现，10月1日采集咽拭子，经检测中心检测，结果呈阳性，为新冠病毒无症状感染者。　　阳性感染者25，男，34岁，居住于天津市经济技术开发区，系管控人员筛查发现，10月1日采集咽拭子，经检测中心检测，结果呈阳性，为新冠病毒无症状感染者。　　阳性感染者26，男，32岁，居住于天津市经济技术开发区，系管控人员筛查发现，10月1日采集咽拭子，经检测中心检测，结果呈阳性，为新冠病毒无症状感染者。　　阳性感染者27，男，30岁，居住于天津市河西区马场街，系管控人员筛查发现，10月1日采集鼻咽拭子，经检测中心检测，结果呈阳性，为新冠病毒无症状感染者。　　阳性感染者28，男，41岁，居住于天津市经济技术开发区，系管控人员筛查发现，10月1日采集咽拭子，经检测中心检测，结果呈阳性，为新冠病毒无症状感染者。　　阳性感染者29，女，25岁，居住于天津市滨海新区新港街，系管控人员筛查发现，10月1日采集咽拭子，经检测中心检测，结果呈阳性，为新冠病毒无症状感染者。,,,,津日疫情播报,15,37,94,2022-10-02 09:19,搜狗高速浏览器,['https://wx3.sinaimg.cn/large/0028HfYDly1h6qohymjd2j60ku096ab302.jpg'],,
4820366511572137,M8xPd6AZ3,2532292007,赤峰日报,#赤峰疫情防控#【#赤峰规定区域内开展一轮区域核酸检测#赤峰市新冠肺炎疫情防控工作指挥部通告〔2022〕59号】2022年10月2日，林西县从呼和浩特市返回人员中检测出1例新冠病毒阳性感染者，流调发现该病例曾在中心城区购物且关联人数较多。为全面排查潜在隐患，最大限度降低疫情传播风险，确保广大人民群众生命安全和身体健康，经市新冠肺炎疫情防控工作指挥部研究，决定在规定区域内开展一轮区域核酸检测，现将有关事宜通告如下：一、核酸检测时间2022年10月3日6时开始，进行1轮区域核酸检测。二、核酸检测人员范围红山区全域、元宝山区全域、松山区城区、喀喇沁旗和美工业园区所有人员，包含外来人员和流动人员。三、相关要求（一）参加完核酸检测的居民立即返回家中，居家等待通知，社区（村）实行封闭管理。检测区域范围内人员从10月3日起三日内非必要不离赤，确因特殊情况需离开的，由所在社区、单位开具证明，经所属街道（乡镇）同意，并持48小时内2次（间隔24小时以上）核酸检测阴性证明离赤。（二）检测区域范围内除保障市民生活和城市基本运行的水、电、燃油、燃气、通讯、环卫、物流、快递、粮油肉菜供应、生活超市（含农贸市场）、药店、医疗机构及工业、建筑业等企业外，KTV、电影院、健身房、室内游泳馆、酒吧、洗浴中心、棋牌室等其他营业场所、门店暂停营业。各餐饮单位暂时取消堂食，可提供打包带走、外卖服务。保障市民生活和城市基本运行及疫情防控工作人员可凭电子通行证出行，如已过期可重新申请。（三）10月3日0时起，检测区域范围内公交车、出租车、网约车暂停营运，各旗县区发往检测区域范围内客运班车、检测区域范围内发往市外及市内其他旗县区的客运班车暂停营运。疫情防控车辆、保障城市运行及物资货运的车辆正常运行。所有进入检测区域的货运车辆司乘人员进行免费落地核酸检测，即采即走。离开检测区域范围内的货运车辆按此通告发布前政策执行。（四）检测区域范围内各类药店、诊所暂停销售退热、止咳、抗病毒、抗生素“四类”药品，并在醒目位置张贴告示，引导有“四类”药品购买需求的人员到发热门诊就诊。请广大市民积极配合落实防控措施，如出现发热、干咳、乏力、咽痛、嗅（味）觉减退、腹泻等症状，请勿自行服药，须全程佩戴一次性医用外科口罩第一时间到发热门诊就诊。（五）检测区域范围内暂停举办展销会、宴会、庆典、招聘会等聚集性活动。（六）拟于10月3日开学的学校推迟开学时间，可开展线上教学，住宿生在学校内封闭管理。（七）检测区域范围内所有党员、公职人员（除承担指挥部防疫任务的人员外）均应主动向居住地所在社区报到转为社区志愿者，服从统一安排，参与疫情防控工作。（八）请广大市民密切关注官方媒体发布的权威信息，如果与公布的确诊病例行程轨迹有时空交集，须第一时间主动向所在社区、工作单位或所住酒店报备，配合落实健康监测、核酸检测、隔离医学观察、个人防护等防控措施。上述措施自本通告发布之日起施行，后续根据疫情形势进行动态调整，请广大市民严格遵守并积极配合。对违反通告规定及造谣传谣、谎报瞒报疫情、发布不实信息、哄抬物价等违法行为，公安机关和相关部门将依法严厉打击处理。市指挥部电话：87813828301652红山区指挥部电话：8353355元宝山区指挥部电话：3510822松山区指挥部电话：8466846喀喇沁旗指挥部电话：37528642022年10月3日,,赤峰,,"赤峰疫情防控,赤峰规定区域内开展一轮区域核酸检测",11,42,152,2022-10-03 06:06,iPhone客户端,['https://wx4.sinaimg.cn/large/96efb5a7ly1h6rok4kkqaj20v90v90th.jpg'],,
4820424770716736,M8zlb30sg,2288486705,奏耐天津,【10月2日0时至24时天津新增21例本土阳性感染者均为管控人员】记者从市疫情防控指挥部获悉，2022年10月2日0时至24时，我市疾控部门报告新增21例本土新冠病毒核酸检测阳性感染者，均为管控人员筛查发现。其中确诊病例1例（轻型），无症状感染者20例。　　21例阳性感染者详情如下：　　阳性感染者1，男，34岁，居住于天津市经济技术开发区，系管控人员筛查发现，10月1日采集咽拭子，经检测中心检测，结果呈阳性，为新冠病毒无症状感染者。　　阳性感染者2，男，59岁，居住于天津市经济技术开发区，系管控人员筛查发现，10月1日采集咽拭子，经检测中心检测，结果呈阳性，为新冠病毒无症状感染者。　　阳性感染者3，男，40岁，居住于天津市经济技术开发区，系管控人员筛查发现，10月2日采集咽拭子，经检测中心检测，结果呈阳性，为新冠病毒无症状感染者。　　阳性感染者4，男，36岁，居住于天津市经济技术开发区，系管控人员筛查发现，10月2日采集咽拭子，经检测中心检测，结果呈阳性，为新冠病毒无症状感染者。　　阳性感染者5，男，33岁，居住于天津市经济技术开发区，系管控人员筛查发现，10月2日采集咽拭子，经检测中心检测，结果呈阳性，为新冠病毒无症状感染者。　　阳性感染者6，男，29岁，居住于天津市经济技术开发区，系管控人员筛查发现，10月2日采集咽拭子，经检测中心检测，结果呈阳性，为新冠病毒无症状感染者。　　阳性感染者7，男，30岁，居住于天津市经济技术开发区，系管控人员筛查发现，10月2日采集咽拭子，经检测中心检测，结果呈阳性，为新冠病毒无症状感染者。　　阳性感染者8，男，21岁，居住于天津市经济技术开发区，系管控人员筛查发现，10月2日采集咽拭子，经检测中心检测，结果呈阳性，为新冠肺炎确诊病例（轻型）。　　阳性感染者9，男，38岁，居住于天津市经济技术开发区，系管控人员筛查发现，10月2日采集咽拭子，经检测中心检测，结果呈阳性，为新冠病毒无症状感染者。　　阳性感染者10，男，18岁，居住于天津市经济技术开发区，系管控人员筛查发现，10月2日采集咽拭子，经检测中心检测，结果呈阳性，为新冠病毒无症状感染者。　　阳性感染者11，男，47岁，居住于天津市经济技术开发区，系管控人员筛查发现，10月2日采集咽拭子，经检测中心检测，结果呈阳性，为新冠病毒无症状感染者。　　阳性感染者12，男，41岁，居住于天津市经济技术开发区，系管控人员筛查发现，10月2日采集咽拭子，经检测中心检测，结果呈阳性，为新冠病毒无症状感染者。　　阳性感染者13，男，39岁，居住于天津市经济技术开发区，系管控人员筛查发现，10月2日采集咽拭子，经检测中心检测，结果呈阳性，为新冠病毒无症状感染者。　　阳性感染者14，女，33岁，居住于天津市南开区长虹街，系管控人员筛查发现，10月2日采集咽拭子，经检测中心检测，结果呈阳性，为新冠病毒无症状感染者。　　阳性感染者15，男，20岁，居住于天津市滨海新区杭州道街，系管控人员筛查发现，10月2日采集咽拭子，经检测中心检测，结果呈阳性，为新冠病毒无症状感染者。　　阳性感染者16，男，14岁，居住于天津市滨海新区杭州道街，系管控人员筛查发现，10月2日采集咽拭子，经检测中心检测，结果呈阳性，为新冠病毒无症状感染者。　　阳性感染者17，男，35岁，居住于天津市经济技术开发区，系管控人员筛查发现，10月2日采集咽拭子，经检测中心检测，结果呈阳性，为新冠病毒无症状感染者。　　阳性感染者18，女，33岁，居住于天津市滨海新区新北街，系管控人员筛查发现，10月2日采集咽拭子，经检测中心检测，结果呈阳性，为新冠病毒无症状感染者。　　阳性感染者19，男，46岁，居住于天津市滨海新区新港街，系管控人员筛查发现，10月2日采集咽拭子，经检测中心检测，结果呈阳性，为新冠病毒无症状感染者。　　阳性感染者20，女，73岁，居住于天津市滨海新区杭州道街，系管控人员筛查发现，10月2日采集咽拭子，经检测中心检测，结果呈阳性，为新冠病毒无症状感染者。　　阳性感染者21，男，23岁，外地返津人员，系管控人员筛查发现，10月1日抵津后即闭环转运并隔离管控，10月2日采集核酸，经检测中心检测，结果呈阳性，为新冠病毒无症状感染者。,,,,,7,197,1160,2022-10-03 09:58,微博 weibo.com,['https://wx4.sinaimg.cn/large/88678931ly1h6rv8ygmhaj20j608g0tn.jpg'],,
4819841976109995,M8kbbpDuj,1663072851,中国日报,【#北京一感染者藏车内进入新发地#8人被刑事立案调查】9月30日，丰台区新增1例本土新冠肺炎病毒感染者，该人朱某某（男，47岁，货车司机），于9月28日晚进京送货，在明知自己有疫情中高风险地区旅居史的情况下，未落实高风险岗位从业人员疫情防控要求，在货主王某某（男，42岁）及温某（男，43岁）、林某某（男，37岁）的协助下，通过藏匿于驾驶室后排、由林某某代驾的方式，违规进入新发地市场。朱某某随后出入市场内的饭店、便利店等场所，相关饭店经营者孙某（男，34岁）、便利店店主胡某某（女，35岁）不落实扫码测温等防控措施，导致多名与朱某某同时空关联人员密接隔离。此外，在调查过程中发现，新发地市场工作人员王某某（女，44岁）、秦某某（男，42岁）未严格履行疫情防控责任，影响市场防疫工作。朱某某等人的行为，严重违反疫情防控规定，造成疫情重大传播风险。目前，丰台公安分局以涉嫌妨害传染病防治罪，对上述8人依法刑事立案调查。疫情防控，关乎你我，落实“四方责任”至关重要。在此提醒广大市民群众，严格遵守各项防疫规定，配合做好进返京管理、进入公共场所扫码测温等防疫工作，共同筑牢首都疫情防控屏障。对于相关违法犯罪行为，警方将依法查处。,,,,北京一感染者藏车内进入新发地,21,38,134,2022-10-01 19:22,,['https://wx4.sinaimg.cn/large/001Oy5dFly1h6q0bevdjoj60qo1yy7dx02.jpg'],,
4819815367704814,M8jugwknc,1679583062,lovelife旦旦,10月1日起泰国取消所有与新冠肺炎covid-19的入境政策。目前全球绝大大多数国家已宣布疫情结束并取消疫情出入境限制。泰国#亿点曝光计划#,,泰国·BangkokThailand,,亿点曝光计划,8,19,62,2022-10-01 17:36,泰国超话,"['https://wx4.sinaimg.cn/large/641c6756gy1h6px6j9ko4j216o0u51kx.jpg', 'https://wx2.sinaimg.cn/large/641c6756gy1h6px6i1oigj216o0u6e81.jpg']",,
4820635195277785,M8EOzm8Zz,1406419784,退而思之xyq,"非常神奇，有人为了放开居然开始扯香港台湾的五岁以下儿童死亡率了；说不放开就会导致牺牲经济，进而导致五岁以下儿童死亡率升高，甚至比新冠大流行造成的5岁以下儿童死亡多出几十倍乃至上千倍。仔细一看，发现这说法毫无逻辑、数据涉嫌误导，纯粹就是在胡说八道。1，首先光强调五岁以下儿童死亡率就很奇怪，因为新冠主要影响的老年人和有基础疾病人群，对儿童尤其是五岁以下儿童的危害并不大。只谈五岁以下儿童而无视社会平均预期寿命的降低，莫非那些易感人群就不是人么？2，其次，那位给出的逻辑是：不放开→经济下降→五岁以下儿童死亡率升高，先不说第一步逻辑中国前两年已经证明是错的，就光说第二步，经济下降导致五岁以下儿童死亡率升高，也是毫无逻辑。3，五岁以下儿童死亡率（under5mortalityrate，简称U5MR），是指规定年份每1000名活产的儿童在年满5岁前死亡的概率。这个指标主要反映的是儿童所处的社会、经济和环境状况，以及他们的保健。U5MR显然与经济有关，但不完全取决于经济。U5MR和经济发展之间，完全没有经济下降U5MR一定上升的关系。4a，以美国为例，众所周知，2009年美国由于金融危机经济下降得厉害，但2009年的美国人均预期寿命还在稳步上升，同样，2009年的美国五岁以下儿童死亡率U5MR也是稳步下降。两者都没有因为经济下滑而受到影响（图二到四）。4b，香港的U5MR数据更是如此。香港这些年经济除了2009年其他每年都在上升，但是香港的五岁以下儿童死亡率在2006-2008年间居然不降反升。而到了2009年香港经济下滑了，但香港的U5MR反而下降了（图五）。香港和美国的数据，无不表明五岁以下儿童死亡率和经济发展之间，完全就没有简单的一升一降的关系。另外，帖子所说""2005年5岁以下儿童死亡率22.5‰，2017年9.1‰，2021年7.1‰""，完全和香港五岁以下儿童死亡率数据对不上（见图5），反而有点像图六中国大陆的U5MR数据（但世界银行数据里2005年中国大陆五岁以下儿童死亡率是24‰，和22.5‰也对不上）。不过，末尾那个""我说的香港台湾儿童死亡率""就钉死了误导。另外之2，香港五岁以下儿童死亡率在2015年比2017年还低，为千分之1.92。按照那位回到某某年的逻辑，如果在2017的时候香港把经济降低到2015年水平，那么还可以挽救无数儿童的生命。太可笑了！//@无穷的探索:问题是那些放开的国家经济更糟啊.//@风湿科聂医生://@也了520:回复@愈来愈强了:2005年5岁以下儿童死亡率22.5‰，2017年9.1‰，2021年7.1‰，如果倒退回2005年，5岁以下儿童一年将多死亡108万人，这比新冠大流行造成的5岁以下儿童死亡多出几十倍乃至上千倍，牺牲经济的代价远超过疫情本身。～我说的香港台湾儿童死亡率包括所有。",,,"无穷的探索,风湿科聂医生,也了520,愈来愈强了",,46,13,63,2022-10-03 23:54,iPhone客户端,"['https://wx1.sinaimg.cn/large/53d44348gy1h6sjeoz5rlj20yi1wzzxu.jpg', 'https://wx1.sinaimg.cn/large/53d44348gy1h6sjepyfvuj20yi18dn1w.jpg', 'https://wx1.sinaimg.cn/large/53d44348gy1h6sjeqwgh3j20yi1bvdlc.jpg', 'https://wx4.sinaimg.cn/large/53d44348gy1h6sjestdb3j20yi1ki119.jpg', 'https://wx2.sinaimg.cn/large/53d44348gy1h6sjeu78y6j20yi16dk07.jpg', 'https://wx2.sinaimg.cn/large/53d44348gy1h6sjew412sj20yi1d2jwv.jpg', 'https://wx4.sinaimg.cn/large/53d44348gy1h6sjen50q8j20yi19o795.jpg', 'https://wx1.sinaimg.cn/large/53d44348gy1h6skpcviznj20u015ltbd.jpg']",,
4820464088908218,M8AmABnqW,1912964267,长沙晚报,【#雨花区在外省来长人员中发现1例新冠病毒无症状感染者#】长沙市新型冠状病毒肺炎防控指挥部办公室发布通报，雨花区在外省来长人员中发现1例新冠病毒无症状感染者。感染者：粟某某，男，53岁，10月2日从外省自驾货车抵长，当日初筛阳性，10月3日复核确认阳性，诊断为无症状感染者，目前该感染者已闭环转运至定点医院。经流调，主要活动轨迹如下：10月2日10：43，到达长沙市雨花区白竹收费站，核查后即闭环管理；15：20，经闭环引导至长沙红星全球农批中心临时隔离点隔离管控至闭环转运。如与感染者活动轨迹有交集，请务必第一时间主动向当地疫情防控机构报告，配合做好隔离医学观察或健康监测、核酸检测等健康管理工作。（长沙晚报全媒体记者彭放）#长沙疫情#,,,,"雨花区在外省来长人员中发现1例新冠病毒无症状感染者,长沙疫情",7,15,59,2022-10-03 12:34,微博 weibo.com,['https://wx4.sinaimg.cn/large/0025sBongy1h6rzqzgg6cj607s05kmxe02.jpg'],,
4820435223707658,M8zC2fywW,2626472787,兰州发布,"【2022年10月2日甘肃新冠肺炎疫情情况】现将10月2日0—24时甘肃省新冠肺炎疫情信息公布如下：　　本地疫情：　　10月2日0—24时，甘肃省无新增确诊病例；新增无症状感染者4例，其中兰州市3例(榆中县2例，城关区1例)、庆阳市西峰区1例。以上新增感染者中外省输入落地即管控检测中发现2例，无症状感染者的密切接触者在集中隔离点检测中发现2例。轨迹信息由相关市或县(区)进行发布。　　截至10月2日24时，“0909”疫情累计报告确诊病例3例、无症状感染者182例。新增治愈出院患者1例，解除隔离无症状感染者2例。累计治愈出院确诊病例3例,解除隔离无症状感染者147例。现有无症状感染者35例，均在定点医疗机构隔离医学观察。　　境外输入疫情：　　10月2日0—24时，无新增输入确诊病例、无症状感染者。#疫情防控兰州在行动##同心抗疫#",,,,"疫情防控 兰州在行动,同心抗疫",6,87,329,2022-10-03 10:39,,,,
4820456739443454,M8AaJDCFM,7474091977,我苏特稿,【10月2日0时至24时南京市诊断新冠肺炎病例情况】根据省卫健委10月3日发布，2022年10月2日0-24时，南京市诊断本土确诊病例2例（轻型，为外省闭环管理来宁重点人员）。O10月2日0时至24时南京市诊断新冠肺炎病例情况,,,,,16,7,114,2022-10-03 12:05,微博 weibo.com,,,
4820294244762962,M8vWEjZ3Y,1647486362,上帝之鹰_5zn,BBC报道英国本周新冠感染病例暴增14%，配的是亚裔咳嗽的照片。显然，在英国历史上，亚裔从未被媒体如此“重视”🤗。,,,,,49,61,996,2022-10-03 01:19,HUAWEI Mate 20,"['https://wx2.sinaimg.cn/large/6232a59agy1h6rg9bo0eqj20p00gwjsx.jpg', 'https://wx1.sinaimg.cn/large/6232a59agy1h6rg9c4xmwj20q70pyact.jpg']",,
4820445453092734,M8zSxcYyO,1887790981,广州日报,【10月3日，荔湾区在部分街道开展全员核酸检测工作】10月3日，广州市荔湾区新冠肺炎疫情防控指挥部办公室发布通告。通告称，因疫情防控需要，荔湾区定于2022年10月3日（本周一）在金花、西村、南源、逢源、多宝、昌华、岭南、华林、沙面、龙津、彩虹、站前、桥中街道启动全员核酸检测工作。详情：O关于荔湾区10月3日开展金花、西村、南源、逢源、多宝、昌华、岭南、华林、沙面、龙津、彩虹、站前、桥中街道全员核酸检测工作的通告广州日报·新花城记者：廖靖文见习记者：崔琳,,,,,6,2,43,2022-10-03 11:20,新版微博 weibo.com,['https://wx1.sinaimg.cn/large/0023KYFDgy1h6rxkk2ro5j60go0gogu402.jpg'],,
4820165105028743,M8sAml6cL,1760189314,香港自由行加加,香港今日新增3新增3569宗新冠病毒個案，輸入佔215宗；多六名患者離世。真实的香港,,,,,3,24,56,2022-10-02 16:46,真实的香港超话,['https://wx4.sinaimg.cn/large/68ea5b82gy1h6r1djmgecj20sf0fzafx.jpg'],,
4820616987546642,M8ElcvFe2,1904947977,天山网,【新疆着重从5个方面提升核酸检测准确性】10月3日晚，自治区人民政府新闻办公室召开疫情防控新闻发布会。会上，自治区卫生健康委员会副主任伊尔扎提·扎达回答了记者提问。　　核酸检测是感染性疾病中病原体检测鉴定高精准有效的方法。目前这种方法是新冠病毒肺炎疫情防控当中非常有效、非常重要的手段。在现在这个关键阶段，自治区着重从以下几个方面提升核酸检测的准确性。O网页链接,,,,,9,22,16,2022-10-03 22:41,微博 weibo.com,['https://wx3.sinaimg.cn/large/718b3309ly1h6shbnlozpj20hs0hsgn4.jpg'],,
4820119434038106,M8roHgWuK,1323527941,Vista看天下,"【#3人隐瞒行程让亲属代做核酸被立案#：其中一人确诊新冠】据南昌公安10月2日通报，西湖公安分局查获一起涉嫌妨害传染病防治案件。经查，9月28日，邓某辉、胡某有、胡某强等三人从外省高风险地区返昌，在明知南昌市防疫政策的情况下，故意隐瞒行程，分别让其亲属邓某强、李某金、万某群等三人代做核酸检测。后邓某辉确诊感染新冠病毒,造成严重疫情传播风险隐患。目前，上述人员均已落实隔离管控措施。警方以涉嫌妨害传染病防治罪，对上述6名涉案人员刑事立案侦查。#3人从外省高风险区返昌让亲属代做核酸被立案#",,,,"3人隐瞒行程让亲属代做核酸被立案,3人从外省高风险区返昌让亲属代做核酸被立案",5,9,64,2022-10-02 13:44,新版微博 weibo.com,['https://wx4.sinaimg.cn/large/001rzo4Rly1h6qvy6kor4j60kf1bajv902.jpg'],,
4819816240386007,M8jvG1CpV,1314608344,新闻晨报,【明知或感染新冠仍去公共场所并找人代检，上海两人被刑事立案】10月1日，记者从上海市公安局获悉，警方查获一起妨害传染病防治案件，2名涉案人员已被公安机关刑事立案侦查。经查，9月27日，刘某宁（男，39岁）、陈某（女，39岁）夫妇在明知刘某宁有不适症状可能感染新冠病毒情况下，多次出入公共场所，并委托同事戴某余（男，38岁）和戴的女友潘某安（女，27岁）代做核酸检测。后刘某宁、陈某被确诊感染新冠病毒，造成疫情传播。目前，上述人员均已落实隔离管控措施。警方以涉嫌妨害传染病防治罪对刘某宁、陈某刑事立案侦查。对戴某余、潘某安的违法行为，将在2人隔离结束后予以行政处罚。警方提示，上海的疫情防控成果来之不易，当前疫情防控形势依然严峻，广大市民应自觉遵守防疫规定，积极配合疾控流调工作，对违反相关规定造成疫情传播风险的，警方将依法严厉打击。,,,,,15,9,41,2022-10-01 17:40,微博 weibo.com,['https://wx4.sinaimg.cn/large/001qXXGogy1h6pwmea7nhj60j60r4tcp02.jpg'],,
4820167907609923,M8sESvVGH,2181597154,俄罗斯卫星通讯社,【俄防疫指挥部：俄单日新增新冠病毒感染病例33186例累计超2104.9万例】俄罗斯新冠病毒疫情防控指挥部向记者表示，过去24小时，俄新增新冠病毒感染病例33186例，累计感染病例达21049027例。O俄防疫指挥部：俄单日新增新冠病毒感染病例33186例累计超2104.9万例,,,,,6,43,107,2022-10-02 16:57,微博 weibo.com,['https://wx2.sinaimg.cn/large/002nDL4Sgy1h6r1qx34ofj61hc0tzah902.jpg'],,
4820411525369551,M8yZOmwRF,2753006425,哈尔滨发布,"#防控疫情#【哈尔滨市新增2例外省输入新冠病毒阳性感染者活动轨迹】2022年10月3日，哈尔滨市报告2例新冠病毒阳性感染者，系外省货车司机。哈尔滨市、区两级第一时间激活应急指挥体系，快速启动应急处置机制，全力开展流调溯源、隔离管控、核酸检测、社区防控、相关场所消毒等工作。根据流调结果,现将其在哈主要活动轨迹发布如下:",,,,防控疫情,24,152,628,2022-10-03 09:05,微博 weibo.com,['https://wx2.sinaimg.cn/large/0030jkJrly1h6rtq64u5pj60c80x3ads02.jpg'],,
4820517065855598,M8BK2ozj8,1649173367,每日经济新闻,【海南#三亚海棠区部分区域实施临时性管控措施#】10月3日，记者从海南省三亚市海棠区新冠肺炎疫情防控指挥部获悉，10月2日，海棠区在常态化核酸检测中，发现1例无症状感染者。目前，该患者已闭环转运至定点医院，相关流调溯源、人员排查、隔离管控、核酸扩面筛查等应急处置工作有序开展。根据流调排查结果，经专家组研判，海棠区新冠肺炎疫情防控指挥部决定，自10月3日14时起，在部分区域实施临时性管控措施（东风分场片区、藤海社区、蜈支洲岛景区）。临时管控期间，所有人员坚持戴口罩、勤洗手、常通风、不聚集，每日按要求开展核酸检测。临时性管控措施实施区域“足不出小区，错峰取物”，其中，封闭区域“足不出户，上门服务”。（央视新闻；阿法）,,,,三亚海棠区部分区域实施临时性管控措施,12,4,18,2022-10-03 16:04,微博 weibo.com,['https://wx2.sinaimg.cn/large/001NBLkrgy1h6s5smnaqtj61900u0tdq02.jpg'],,
4820575211753465,M8DfP7m9H,7230384133,呱呱傻事,唉…其实很多医疗期刊不断报道长新冠和延迟症状，只是无法引起重视……这种情况只会越来越多,,,,,28,122,568,2022-10-03 19:55,Mac客户端,"['https://wx4.sinaimg.cn/large/007TjXcVly1h6sciz7qbpj30ty0zkdhl.jpg', 'https://wx1.sinaimg.cn/large/007TjXcVly1h6scizh1dzj30ut0u0dlx.jpg', 'https://wx3.sinaimg.cn/large/007TjXcVly1h6scizntg3j30zk0tuta0.jpg', 'https://wx3.sinaimg.cn/large/007TjXcVly1h6scizxrywj30mc0zkdhu.jpg', 'https://wx3.sinaimg.cn/large/007TjXcVly1h6scj07bigj30ui0u00yf.jpg', 'https://wx1.sinaimg.cn/large/007TjXcVly1h6scj0fkguj30p30zk761.jpg']",,
4820095643945996,M8qMkgyx6,3632086395,人民网江西频道,"【隐瞒行程、代做核酸，#江西6人被查#！】9月28日，邓某辉、胡某有、胡某强等三人从外省高风险地区返昌，在明知南昌市防疫政策的情况下，故意隐瞒行程，分别让其亲属邓某强、李某金、万某群等三人代做核酸检测。后邓某辉确诊感染新冠病毒,造成严重疫情传播风险隐患。目前，上述人员均已落实隔离管控措施。西湖公安分局以涉嫌妨害传染病防治罪，对上述6名涉案人员刑事立案侦查。",,,,江西6人被查,5,11,25,2022-10-02 12:10,微博 weibo.com,['https://wx4.sinaimg.cn/large/003XNRADgy1h6qte1xw5fj60qr1v0tgo02.jpg'],,
4819831209334149,M8jTODaeN,1288915263,平安北京,#情况通报#9月30日，丰台区新增1例本土新冠肺炎病毒感染者，该人朱某某（男，47岁，货车司机），于9月28日晚进京送货，在明知自己有疫情中高风险地区旅居史的情况下，未落实高风险岗位从业人员疫情防控要求，在货主王某某（男，42岁）及温某（男，43岁）、林某某（男，37岁）的协助下，通过藏匿于驾驶室后排、由林某某代驾的方式，违规进入新发地市场。朱某某随后出入市场内的饭店、便利店等场所，相关饭店经营者孙某（男，34岁）、便利店店主胡某某（女，35岁）不落实扫码测温等防控措施，导致多名与朱某某同时空关联人员密接隔离。此外，在调查过程中发现，新发地市场工作人员王某某（女，44岁）、秦某某（男，42岁）未严格履行疫情防控责任，影响市场防疫工作。朱某某等人的行为，严重违反疫情防控规定，造成疫情重大传播风险。目前，丰台公安分局以涉嫌妨害传染病防治罪，对上述8人依法刑事立案调查。疫情防控，关乎你我，落实“四方责任”至关重要。在此提醒广大市民群众，严格遵守各项防疫规定，配合做好进返京管理、进入公共场所扫码测温等防疫工作，共同筑牢首都疫情防控屏障。对于相关违法犯罪行为，警方将依法查处。,,,,情况通报,1131,2539,40576,2022-10-01 18:39,微博 weibo.com,['https://wx4.sinaimg.cn/large/001pe9JRly1h6pz29ckvwj60qs0ccta302.jpg'],,
4820556573054334,M8CLLcOzs,1700720163,钱江晚报,【10月3日8-18时，杭州新增2例新冠病毒无症状感染者，集中隔离点检出】10月3日8-18时，杭州新增2例新冠病毒无症状感染者，集中隔离点检出。无症状感染者5-6：均为省外来杭人员，抵达后即纳入管控，集中隔离点检出。目前以上人员已闭环转运至定点医院隔离，情况稳定。希望广大市民积极配合疫情防控工作，进一步提高防范意识，持续做好个人日常防护，按要求参加常态化核酸检测。省外来杭返杭人员，要提前主动向所在社区报备，可通过下方小程序进行申报，建议在抵杭前24小时内完成报备，并配合落实相应的疫情防控措施。我市对7日内有疫情高风险区旅居史的来（返）杭人员实施7天集中隔离医学观察；对7日内有疫情中风险区旅居史的来（返）杭人员实施7天居家隔离医学观察（如不具备条件，采取集中隔离医学观察）；对7日内有低风险区旅居史的来（返）杭人员实施3天日常健康监测。在对高中低风险地区来（返）杭人员实行相应健康管理措施的基础上，其他省外来（返）杭人员应在抵杭后6小时内完成一次核酸“落地检”，倡导“3天3检”（抵杭3天内每天完成1次核酸检测），后续按照常态化核酸检测要求每72小时自觉完成1次核酸检测。来（返）杭后，前3天工作生活原则上实行“两点一线”（居住点和工作点），倡导不乘坐公共交通工具，不参加聚集性活动，做好自我健康监测，密切关注自己和家人的身体状况。,,,,,3,14,60,2022-10-03 18:41,微博 weibo.com,['https://wx1.sinaimg.cn/large/001R630nly1h6sad1esh5j60mf09kmyk02.jpg'],,
4820182394210270,M8t2fhFhA,1887344341,观察者网,【#纽约地铁女性遇袭案件数量飙升#，“这是现代历史上最糟糕的时刻”】19起谋杀案、23起强奸案、乘客面临暴力犯罪风险猛增82%……近日，美国《纽约邮报》回顾了新冠疫情爆发以来纽约地铁激增的女性遇袭案件，直言现在的纽约女性和儿童出门害怕坐地铁，能不坐就不坐。克劳汀·罗伯茨、丹丹·赫韦、米歇尔·高都是近两年里在纽约地铁上被陌生人恶意杀害的女性，而且她们都是少数族裔。2021年2月，44岁的罗伯茨在纽约地铁列车上睡着时，被一名随机杀人的流浪汉连捅七刀，当场死亡；同年7月，58岁的亚裔妇女赫韦在联合广场站遭遇抢劫，她被劫匪连包带人拽下楼梯，脑部重伤，不治身亡；今年1月，40岁的华裔女高管米歇尔·高在时代广场站候车时，被一流浪汉推下站台，当场被列车碾压身亡……（图一：从左到右克劳汀·罗伯茨、丹丹·赫韦、米歇尔·高）除了这三起死亡案例外，纽约地铁过去两年里还发生了一连串令人毛骨悚然的女性遇袭受伤事件，这些受害女性原本只是乘地铁上下班，或者在城里四处转转，却惨遭横祸。9月20日，33岁的伊丽莎白·戈梅斯（ElizabethGomes）乘地铁前往纽约肯尼迪机场上班时，被一名有犯罪前科的无家可归男子残忍殴打，右眼严重受伤，甚至有失明风险。而她遭此横祸的原因仅仅是因为没有理睬这名男子的搭讪。（图二）9月10日，一名30岁的比利时女游客在纽约切尔西区地铁站的楼梯上被一群男子割伤面部；同样是在9月，一名21岁的迷路女游客在曼哈顿地铁站站台被强奸；今年8月，一名袭击者在纽约上东区的一趟地铁列车上多次殴打一名80多岁的老太太；同月，一名22岁的女子发布了一段视频，讲述了她在上西区地铁列车上无故被人扇耳光的经历；今年6月，一名女乘客在纽约布朗克斯区地铁站台上候车时，被袭击者推下地铁轨道，造成骨折；今年2月，城市工人妮娜·罗斯柴尔德在地铁上被袭击者抢劫，对方为了抢走她的钱包，用锤子多次击打她的头部，致她头骨骨折；同样是2月，一名不愿透露姓名的女乘客称她在布朗克斯区地铁站被人用粪便攻击，当时她正试图躲避一名骚扰者；去年11月，泰国模特贝乌·吉拉贾里亚维奇在纽约地铁站台被抢劫后遭到性侵犯，失去意识……（图三）《纽约邮报》报道称，今年8月，纽约地铁乘客和工作人员遭受88次重罪袭击，比2019年8月高出5%，尽管乘客人数下降了42%；而乘客（每次出行）面临暴力犯罪人均风险，则要比2019年8月增加82%。此外，由于纽约2020年出台的新保释法，多数犯罪嫌疑人一经逮捕又会被马上释放。因此，即使警察逮捕的人数超过了2019年，但犯罪事件依然有增无减。以上个月被袭击的戈梅斯为例，袭击者是一名有着7次被捕记录的流浪汉，此人十几岁时因杀死祖母而坐牢，但是纽约的新保释法却禁止法官在考量其危险性时把他的暴力历史考虑在内。（图四）今年以来，纽约市地铁已经发生5起谋杀案；从2020年3月至今，纽约市地铁共发生19起谋杀案。在2020年之前，纽约地铁的谋杀案要达到19这个数值，要累计12年，而且那时的地铁客流量要比疫情后高得多。除了谋杀案外，纽约地铁的强奸案也在猛增。今年到目前为止，纽约地铁已经发生8起强奸案，而2020年至今的强奸案数量是23起。在2020年以前，纽约地铁在7年时间里才发生了23起强奸案。根据纽约警察局的最新统计数据，与2021年同期相比，纽约今年迄今为止的交通犯罪飙升了43%以上。数据显示，去年同期，纽约市交通系统报告的犯罪案件为1165起，而今年为1670起。纽约大都会运输管理局（MTA）上周发布的最新乘客调查显示，只有33%的人对他们在列车上的个人安全满意，只有23%的人对人们在列车上“行为失常”状况感到满意，而70%的人希望有更多的警察。而2019年秋季的调查数据显示，当时有65%到70%的人在地铁上感到安全。《纽约邮报》评论道，目前纽约地铁客流量仍然不到正常水平的三分之二，因此“这是现代历史上最糟糕的时刻”。,,,,纽约地铁女性遇袭案件数量飙升,46,139,740,2022-10-02 17:55,微博 weibo.com,"['https://wx2.sinaimg.cn/large/707e96d5gy1h6r1gxt94xj21m50o77bf.jpg', 'https://wx3.sinaimg.cn/large/707e96d5gy1h6r1h1yfhhj20ns0blac0.jpg', 'https://wx1.sinaimg.cn/large/707e96d5gy1h6r1h28rn3j20hk0mnta0.jpg', 'https://wx2.sinaimg.cn/large/707e96d5gy1h6r1h30syvg20ei07oqv8.jpg']",,
4820560204796025,M8CRCk7Ff,1717833412,华商报,【西安雁塔警方发布警情通报】10月2日，西安市公安局雁塔分局发布通报。2022年9月29日，我区袁某(男，46岁)被诊断为新冠肺炎无症状感染者。经查：袁某未遵守疫情防控规定，多次无故不参加全员核酸检测，期间在防疫部门通过电话及短信告知其补采核酸检测后，仍拒不遵守防疫规定进行补采。其行为造成一定严重后果，影响防疫工作开展。依照《中华人民共和国治安管理处罚法》第五十条第一款第一项之规定，我局依法对袁某处以行政拘留十日。警方提示:疫情防控，人人有责。广大市民群众要主动配合疫情防控工作，严格按照规定及时进行核酸检测，对违反相关防疫规定构成违法犯罪的，公安机关将坚决依法查处。（雁塔公安）,,,,,29,126,813,2022-10-03 18:56,微博 weibo.com,['https://wx1.sinaimg.cn/large/001SfQWwly1h6sb2b4bqzj60u01rm42m02.jpg'],,
4820244570837017,M8uEx3vKh,1727386613,杭州电视台综合频道,【#浙江疫情防控#一物流园区、一超市未落实防控措施被受案调查】10月2日晚，嘉兴桐乡市公安局发布警情通报：2022年10月2日，桐乡发现2名省外来桐新冠肺炎阳性感染者(系孙某、王某某，已被刑事立案)。#浙江桐乡两例阳性感染者被立案调查#警方在调查过程中发现，濮院物流园区、濮院欧德福超市(濮院镇联越路1503号)等场所负责人和直接责任人员，未严格执行疫情防控有关规定，对进入场所人员未落实扫码、测温、验码等防控措施，涉嫌拒不执行紧急状态下的决定、命令。我局已对相关单位受案调查，依法追究法律责任。,,杭州,,"浙江疫情防控,浙江桐乡两例阳性感染者被立案调查",206,355,2664,2022-10-02 22:02,HUAWEI Mate 20,['https://wx3.sinaimg.cn/large/66f5d3f5gy1h6rajygxx6j20rs19ywnc.jpg'],,
4820509654780589,M8By5k3Eh,6244553417,今日俄罗斯RT,【新冠疫情期间#福奇的资产翻了一番#】10月3日，美国政府监管机构OpenTheBooks援引美国国立卫生研究院(NationalInstitutesofHealth)的财务报告称，美国首席医疗官安东尼·福奇(AnthonyFauci)的净资产在2021年飙升至1260万美元，几乎是2019年760万美元的两倍。作为美国国家过敏症和传染病研究所所长，福奇在新冠疫情发生前已经是美国联邦政府收入最高的政府雇员，联邦政府在2021年和2022年分别对其降薪456000美元和480000美元。然而，在他的防疫政策推动美国经济陷入衰退之际，福奇的这笔薪水仅占其收入的一小部分。,,,,福奇的资产翻了一番,23,50,299,2022-10-03 15:35,微博 weibo.com,['https://wx4.sinaimg.cn/large/006OBvBvgy1h6s4zxgwivj30f008gaa4.jpg'],,
4819689194129996,M8gcLhkoQ,1845864154,看看新闻KNEWS,【9月30日上海新增本土无症状感染者3例】9月30日0—24时，上海无新增本土新冠肺炎确诊病例，新增本土无症状感染者3例，均在隔离管控中发现。无症状感染者1，居住于浦东新区，无症状感染者2，居住于闵行区，均为外省通报一阳性感染者在沪的密切接触者。在隔离管控期间新冠病毒核酸检测结果异常，经疾控中心复核结果为阳性。无症状感染者3，居住于宝山区，系外省来沪人员。抵沪后按照有关要求落实健康管理，其间新冠病毒核酸检测结果异常，经疾控中心复核结果为阳性。L看看新闻KNEWS的微博视频,,,,,31,4,24,2022-10-01 09:15,微博视频号,,"http://f.video.weibocdn.com/o0/dJidkpFXlx07ZDx41fwQ010412005wo30E010.mp4?label=mp4_720p&template=720x1280.24.0&ori=0&ps=1BVp4ysnknHVZu&Expires=1666617465&ssig=5sML9PiReQ&KID=unistore,video",
4820502030582852,M8BlN2rCQ,1620723217,刘平,媒体不是报道过国产的mRNA疫苗早就造出来了，叫沃森牌，已经卖到印尼了，怎么还要让莫德纳转让技术。现在越来越多的国家不再要求入境提供疫苗证明，英国官方统计出疫苗提高了青年人的死亡率，近日瑞典和丹麦宣布停止对18岁以下的人接种新冠疫苗，相关的诉讼越来越多，疫苗的市场越来越小，辉瑞的股价一直在下跌。除了那些买不起疫苗的穷国，中国大陆是唯一没有被辉瑞收割到的市场，也是最后没有结束疫情的，在疫苗商眼里就是最后一块肉，争夺会越来越激烈,,,,,17,11,110,2022-10-03 15:05,,,,
4820518697439217,M8BMFvdhn,1893892941,北京日报,【哈尔滨#两阳性司机曾隐瞒行程违规进入批发市场#，3人被立案调查】2022年10月3日凌晨，哈尔滨市香坊区在对省外来哈重点人群核酸检测中发现2例新冠病毒阳性感染者。经查，马某（男，35岁，货车司机）、祁某民（男，41岁，同车司机）于10月2日下午驾驶货车进入哈市龙园果蔬批发市场。两人明知运输货物进入市区和批发市场均需闭环管理，故意隐瞒自身途经疫情中高风险区域相关行程轨迹，与石某贤（女，46岁，龙园果蔬批发市场销售业户）串通，使用虚假产地证明，规避查验违规进入批发市场。马某、祁某民、石某贤的行为严重违反疫情防控规定，造成疫情重大传播风险。目前，我局对上述三人以涉嫌妨害传染病防治罪立案调查，依法追究法律责任。警方提示：广大群众应自觉遵守防疫规定，积极配合做好抵返哈防疫工作，对违反相关规定，造成疫情传播风险的，警方将依法严惩。（哈尔滨市公安局香坊分局）,,,,两阳性司机曾隐瞒行程违规进入批发市场,14,9,29,2022-10-03 16:11,微博 weibo.com,['https://wx1.sinaimg.cn/large/0024aA4lly1h6s60cicmdj60lx0qjwgj02.jpg'],,
4820554009809348,M8CHCF9Ri,7188247797,寰球镜头,2日，奥地利首都维也纳爆发大规模抗议活动，约20000名当地居民参加了集会游行，抗议对新冠病毒采取措施、抗议对俄罗斯对制裁、抗议能源价格上涨并要求奥地利政府下台。当地支持乌克兰的民众称:“这些参与集会的人都是普京的特工”L寰球镜头的微博视频,,,,,4,12,49,2022-10-03 18:31,微博视频号,,"http://f.video.weibocdn.com/u0/k17wV2awgx07ZHmk8wgw01041201qJzZ0E010.mp4?label=mp4_720p&template=1280x720.25.0&ori=0&ps=1BVp4ysnknHVZu&Expires=1666617532&ssig=59QAof5IoH&KID=unistore,video",
4820607541449272,M8E5Y651m,2482557597,韩国me2day,【Twi】LESSERAFIM成员HONGEUNCHAE确诊新冠，缺席10月8日（周六）举行的2022TheFactMusicAwards颁奖礼。洪恩採大家好，这里是SOURCEMUSIC。以下是LESSERAFIM成员HONGEUNCHAE新冠确诊及今后行程相关公告。10月2日（周日），HONGEUNCHAE因有感冒症状而进行快速抗原检测，并被确诊为新冠。目前，除HONGEUNCHAE外的LESSERAFIM其他成员并无特殊症状，并且于10月3日（周一）进行的快速抗原检测中结果皆呈阴性。LESSERAFIM今后的行程将照常进行。但于10月8日（周六）举行的2022TheFactMusicAwards将由除HONGEUNCHAE外的其他4名成员参与。我司将把艺人的健康与安全置于首位，竭尽全力协助HONGEUNCHAE尽快恢复健康。此外，我司也将诚实地配合防疫当局的要求及方针。谢谢。,,,,,143,248,726,2022-10-03 22:04,微博 weibo.com,,,
4820599190848230,M8DSv3yF8,7453793019,今天炽了吗,LESSERAFIM大家好，这里是SOURCEMUSIC。以下是LESSERAFIM成员HONGEUNCHAE新冠确诊及今后行程相关公告。10月2日（周日），HONGEUNCHAE因有感冒症状而进行快速抗原检测，并被确诊为新冠。目前，除HONGEUNCHAE外的LESSERAFIM其他成员并无特殊症状，并且于10月3日（周一）进行的快速抗原检测中结果皆呈阴性。LESSERAFIM今后的行程将照常进行。但于10月8日（周六）举行的2022TheFactMusicAwards将由除HONGEUNCHAE外的其他4名成员参与。我司将把艺人的健康与安全置于首位，竭尽全力协助HONGEUNCHAE尽快恢复健康。此外，我司也将诚实地配合防疫当局的要求及方针。谢谢。,,,,,694,160,668,2022-10-03 21:31,LESSERAFIM超话,['https://wx4.sinaimg.cn/large/0088rm43gy1h6sfbj7by1j30wl14dae9.jpg'],,
4820600910250863,M8DVh13gb,2602644737,米兔的韩流生活,LESSERAFIM洪恩採确诊感染新冠。大家好，这里是SOURCEMUSIC。以下是LESSERAFIM成员洪恩採新冠确诊及今后行程相关公告。10月2日(周日)，洪恩採因有感冒症状而进行快速抗原检测，并被确诊为新冠。目前，除洪恩採外的LESSERAFIM其他成员并无特殊症状，并且于10月3日(周一)进行的快速抗原检测中结果皆呈阴性。LESSERAFIM今后的行程将照常进行。但于10月8日(周六)举行的《2022TheFactMusicAwards》将由除洪恩採外的其他4名成员参与。我司将把艺人的健康与安全置于首位，竭尽全力协助洪恩採尽快恢复健康。此外，我司也将诚实地配合防疫当局的要求及方针。谢谢。,,,,,205,175,535,2022-10-03 21:38,微博 weibo.com,"['https://wx2.sinaimg.cn/large/9b213501ly1h6sfh66y4gj20gk0gqjs8.jpg', 'https://wx1.sinaimg.cn/large/9b213501ly1h6sfh6h8xsj20u011ik02.jpg']",,
4819753308784785,M8hSaARk5,3500618431,泰国头条新闻,【曼谷市即日起取消所有疫情防控措施】#泰国社会头条#泰国头条新闻社讯10月1日据泰媒报道，曼谷市传染病委员会会议决议取消关于2019年新冠肺炎疫情检测、预防和控制相关措施，自10月1日起正式生效。据泰国政宪公报网站发布的关于取消《紧急状态法》的通知，和公共卫生部停用用于预防、检测传染病的《2019年关于危险性传染病名称及重要症状（第3版）》通知，将新冠肺炎疫情从危险性传染病调整至监测性传染病。为了使上述发布的新公告顺利实施，曼谷市传染病委员会通过了停用《曼谷市2019年新冠肺炎疫情检测、预防和控制措》公告及其相关规定，并于2022年10月1日起正式生效。（编译：宁家妮四点零翻译工作坊；审校：wan；来源:thairath）O网页链接,,,,泰国社会头条,23,11,67,2022-10-01 13:29,泰国社会头条超话,['https://wx3.sinaimg.cn/large/d0a732bfgy1h6pq4qu2bxj20k30dcjtx.jpg'],,
4820099398112329,M8qSny2o1,7389331494,生草字幕组,220922#新冠后遗症纪录片#日本第七波疫情带来的急速增加的新冠后遗症。曾经经常健身的司机，新冠过后弱如鸡。女子新冠轻症却得了严重的后遗症，被公司怀疑懒惰，只能选择停职。新冠后遗症纪录片：220913：O网页链接220820：O网页链接220812：O网页链接220803：O网页链接220601：O网页链接/#影视二创榜#/#快乐夏日二创图鉴#/L生草字幕组的微博视频,,,,"新冠后遗症纪录片,影视二创榜,快乐夏日二创图鉴",3516,1073,20254,2022-10-02 12:25,微博视频号,,"http://f.video.weibocdn.com/o0/hKgW8kHSlx07ZFmg5Mxq01041203edY40E020.mp4?label=mp4_720p&template=1280x720.25.0&ori=0&ps=1BVp4ysnknHVZu&Expires=1666617532&ssig=1%2Fct9R5%2FC1&KID=unistore,video",
4820434446715971,M8zAMsb87,2204116410,鼎盛风清,根据各地卫健委公布的数据梳理了昨天10月2日国内疫情，昨天宁夏新增131例本土新冠病毒感染者、内蒙古新增100例。青海、江西、湖南、湖北、浙江、江苏、安徽、辽宁、吉林、河北、甘肃11省无本地新增。随着假期省际间人流量加大，各省疫情已进入持续省外输入阶段。关注呼和浩特、深圳、绵阳和太原4座城市疫情。,,,,,5,14,52,2022-10-03 10:36,中兴Axon 40 Ultra,['https://wx2.sinaimg.cn/large/836025bagy1h6rwd06vl4j20u146p1kx.jpg'],,
4819736700126388,M8hro0wSw,2514846743,八大商人,【#上海阳性夫妻委托他人代做核酸被立案#】上海警方发布警情通报称：近日，警方查获一起妨害传染病防治案件，2名涉案人员已被公安机关刑事立案侦查。经查，9月27日，刘某宁（男，39岁）、陈某（女，39岁）夫妇在明知刘某宁有不适症状可能感染新冠病毒情况下，多次出入公共场所，并委托同事戴某余（男，38岁）和戴的女友潘某安（女，27岁）代做核酸检测。后刘某宁、陈某被确诊感染新冠病毒，造成疫情传播。目前，上述人员均已落实隔离管控措施。警方以涉嫌妨害传染病防治罪对刘某宁、陈某刑事立案侦查。对戴某余、潘某安的违法行为，将在2人隔离结束后予以行政处罚。——这些明知故犯的害群之马会害多少人啊？！,,,,上海阳性夫妻委托他人代做核酸被立案,88,13,266,2022-10-01 12:23,HUAWEI Mate30 Pro 5G,['https://wx1.sinaimg.cn/large/95e58417gy1h6po6eqidkj20qo11q7cp.jpg'],,
4820421989371452,M8zgGDjWs,5393135816,寰亚SYHP,BBC报道英国新冠疫情，干嘛要用亚裔照片。,,,,,23,120,915,2022-10-03 09:47,,['https://wx2.sinaimg.cn/large/005SZ2Zygy1h6rux5blczj30qo1ab794.jpg'],,
4819771071398330,M8ikP5RLI,1874361623,韩东言,难道他们不应该同罪吗？【2人委托同事代做核酸后确诊被上海警方刑事立案】记者从上海市公安局获悉，上海警方查获一起妨害传染病防治案件。经查，9月27日，刘某宁（男，39岁）、陈某（女，39岁）夫妇在明知刘某宁有不适症状可能感染新冠病毒情况下，多次出入公共场所，并委托同事戴某余（男，38岁）和戴的女友潘某安（女，27岁）代做核酸检测。后刘某宁、陈某被确诊感染新冠病毒，造成疫情传播。目前，上述人员均已落实隔离管控措施。警方以涉嫌妨害传染病防治罪对刘某宁、陈某刑事立案侦查。对戴某余、潘某安的违法行为，将在2人隔离结束后予以行政处罚。更多详细内容请查看原文>>O网页链接,,,,,3,11,38,2022-10-01 14:40,HUAWEI Mate 40 Pro,['https://wx2.sinaimg.cn/large/6fb87d17ly1h6ps676wftj20qo11pdke.jpg'],,
4820100325051367,M8qTSlc5F,5610795619,南昌网警巡查执法,"#警方通报#10月1日，南昌市西湖公安分局查获一起涉嫌妨害传染病防治案件。经查，9月28日，邓某辉、胡某有、胡某强等三人从外省高风险地区返昌，在明知南昌市防疫政策的情况下，故意隐瞒行程，分别让其亲属邓某强、李某金、万某群等三人代做核酸检测。后邓某辉确诊感染新冠病毒,造成严重疫情传播风险隐患。目前，上述人员均已落实隔离管控措施。警方以涉嫌妨害传染病防治罪，对上述6名涉案人员刑事立案侦查。",,,,警方通报,52,19,53,2022-10-02 12:28,新版微博 weibo.com,['https://wx2.sinaimg.cn/large/0067Ikfxgy1h6qtz575gdj30hs0gqq9s.jpg'],,
4820207056717525,M8tG1sbxb,2087169013,法治日报,【#3人让亲属代做核酸6人被刑事立案侦查#！】10月2日，江西省南昌市公安局西湖分局发布警情通报，3人从外省高风险地区返昌，故意隐瞒行程，让亲属代做核酸，其中一人确诊感染新冠病毒。警方以涉嫌妨害传染病防治罪对涉案6人刑事立案侦查。通报全文如下：10月1日，西湖公安分局查获一起涉嫌妨害传染病防治案件。经查，9月28日，邓某辉、胡某有、胡某强等三人从外省高风险地区返昌，在明知南昌市防疫政策的情况下，故意隐瞒行程，分别让其亲属邓某强、李某金、万某群等三人代做核酸检测。后邓某辉确诊感染新冠病毒，造成严重疫情传播风险隐患。目前，上述人员均已落实隔离管控措施。西湖公安分局以涉嫌妨害传染病防治罪，对上述6名涉案人员刑事立案侦查。警方提示，南昌疫情防控成果来之不易，需要广大市民自觉遵守防疫相关规定，积极配合疾控流调、入昌报备等工作。对违反相关法律规定造成疫情传播风险的，警方将依法严厉打击。（全媒体记者黄辉周孝清）,,,,3人让亲属代做核酸6人被刑事立案侦查,6,6,23,2022-10-02 19:33,,['https://wx4.sinaimg.cn/large/7c67abf5ly1h6r68ttihoj20lc0latey.jpg'],,
4820426796569545,M8zorrz2p,1774987535,李苦舟,『想对那些坚持认为一切回归新冠疫情之前正常生活的人说：你记忆中的“正常”永远不会回来了。』,,,,,2,7,21,2022-10-03 10:06,Android,,,
4820136127105833,M8rPCtOyd,5872636712,水山水山水山,2022-10-2世界新冠形势总病例6亿1787-2319万，总病亡654.9万.每日疫情报道，坚持了2年多，以后不准备每日发了。,,,,,5,14,81,2022-10-02 14:51,微博 weibo.com,"['https://wx2.sinaimg.cn/large/006pqZ4Ygy1h6qy2gkbgbj30s01inh51.jpg', 'https://wx4.sinaimg.cn/large/006pqZ4Ygy1h6qy2jpw2rj31hc0u0qcm.jpg']",,
4820411399536984,M8yZBE10k,2831150640,深圳卫健委,【10月2日深圳新增14例确诊病例和18例无症状感染者】10月2日0-24时，深圳新增32例阳性病例，14例诊断为新冠肺炎确诊病例，18例诊断为新冠病毒无症状感染者。其中，在集中隔离观察人员中发现21例，在居家隔离医学观察人员中发现7例，在非闭环管理的重点人员筛查中发现2例，在主动就诊中发现1例，在社区筛查中发现1例。新增病例，情况如下👇🏻O10月2日深圳新增14例确诊病例和18例无症状感染者,,,,,46,62,115,2022-10-03 09:04,,"['https://wx2.sinaimg.cn/large/a8bfee30gy1h6rtnoc58wj20v98nf7hz.jpg', 'https://wx4.sinaimg.cn/large/a8bfee30gy1h6rtnp23w6j20v93wp0y5.jpg', 'https://wx3.sinaimg.cn/large/a8bfee30gy1h6rtnpkphrj20u01hcwg3.jpg', 'https://wx2.sinaimg.cn/large/a8bfee30gy1h6rtnn2o1sj20u01hcdh7.jpg']",,
4819850792539066,M8kppaEwG,1844967414,内蒙古晨报,【#呼和浩特市23例本土阳性感染者活动轨迹公布#】阳性感染者10，男，13岁，居住于新城区舜和慢城一期，系临时管控区重点人员筛查发现，为新冠肺炎确诊病例（轻型）。阳性感染者11，男，13岁，系阳性感染者10的同学，居住于新城区和谐园小区，系临时管控区重点人员筛查发现，为新冠肺炎确诊病例（轻型）。阳性感染者12，男，13岁，系阳性感染者10的同学，居住于新城区泽信·加州华府小区，系临时管控区重点人员筛查发现，为新冠肺炎确诊病例（轻型）。阳性感染者13，女，68岁，居住于回民区奥威花园，系临时管控区重点人员筛查发现，为新冠肺炎确诊病例（轻型）。阳性感染者14，女，30岁，居住于玉泉区盛世东元北区，系临时管控区重点人员筛查发现，为新冠肺炎确诊病例（轻型）。阳性感染者15，女，53岁，居住于回民区吕祖庙街世纪御园，系临时管控区重点人员筛查发现，为新冠肺炎确诊病例（轻型）。阳性感染者16，女，12岁，系阳性感染者10的同学，居住于新城区榆树沟村，系临时管控区重点人员筛查发现，为新冠肺炎确诊病例（轻型）。阳性感染者17，女，51岁，居住于新城区代州营世纪丽景小区，系临时管控区重点人员筛查发现，为新冠肺炎确诊病例（轻型）。阳性感染者18，女，29岁，居住于土默特左旗万枫·美利山小区，系临时管控区重点人员筛查发现，为新冠肺炎确诊病例（轻型）。阳性感染者19，男，12岁，系阳性感染者10的同学，居住于回民区青城美墅时代天骄小区，系临时管控区重点人员筛查发现，为新冠肺炎确诊病例（轻型）。阳性感染者20，男，12岁，系阳性感染者10的同学，居住于新城区北国风光天建城小区，系临时管控区重点人员筛查发现，为新冠肺炎确诊病例（轻型）。阳性感染者21，男，12岁，系阳性感染者10的同学，居住于新城区名都·枫景小区，系临时管控区重点人员筛查发现，为新冠肺炎确诊病例（轻型）。阳性感染者22，男，12岁，居住于新城区泽信华庭小区，系临时管控区重点人员筛查发现，为新冠肺炎确诊病例（轻型）。阳性感染者23，女，22岁，系阳性感染者1的密切接触者，集中隔离筛查发现，为新冠肺炎确诊病例（轻型）。阳性感染者24，男，12岁，系阳性感染者22的同学，居住于新城区泽信华庭小区，系临时管控区重点人员筛查发现，为新冠肺炎确诊病例（轻型）。阳性感染者25，男，26岁，居住于赛罕区徐家沙梁村民住宅楼，系非闭环管理重点人员筛查发现，为新冠肺炎确诊病例（轻型）。阳性感染者26，男，50岁，居住于新城区毓秀国际公馆，系临时管控区重点人员筛查发现，为新冠肺炎确诊病例（轻型）。阳性感染者27，男，13岁，居住于新城区中华家园1期小区，系主动就诊（检）人员筛查发现，为新冠肺炎确诊病例（轻型）。阳性感染者28，女，28岁，居住于回民区心月家园小区，系临时管控区重点人员筛查发现，为新冠病毒无症状感染者。阳性感染者29，女，37岁，居住于回民区祥和小区四区，系临时管控区重点人员筛查发现，为新冠病毒无症状感染者。阳性感染者30，男，69岁，居住于回民区奥威花园，系临时管控区重点人员筛查发现，为新冠病毒无症状感染者。阳性感染者31，男，17岁，居住于呼和浩特市实验中学察哈尔校区（寄宿），系临时管控区重点人员筛查发现，为新冠病毒无症状感染者。阳性感染者32，女，58岁，居住于玉泉区梁山街兴华小区，系临时管控区重点人员筛查发现，为新冠肺炎确诊病例（轻型）。经初步流调，以上阳性感染者近日主要活动轨迹为：新城区:呼和浩特市实验中学察哈尔校区、华麦香（玫瑰郡店）、胖墩肉饼哈拉沁路店（舜和慢城小区西门北侧）、知味饸饹面馆（一家村小区南门西侧）、乔氏仨兄弟饸饹面（北二环玫瑰郡店）、知味饸饹面（岱州营回迁房三号商业楼6号）。回民区:满达老马油炸牛肉串分店、维多利商厦三楼诗凡黎女装店、满达商城三楼餐厅、臭豆腐煎饼老马肉串（宝马商城南门对面）、银鑫烟酒店（三顺店西巷）、宝马商城、吕祖庙街世纪御园小区、通福祥检车站大厅、康吉轩大药房(依山北岸小区5号商业24药店)、小白精品牛羊肉店（新民街路口）、篮途青城之光篮球运动中心（宽巷子永泰商城四楼）、阿尔库炒鸡（牛街中段路东）、青城美墅时代天骄小区广场东物业楼、奥威花园。玉泉区:美胜客烧烤店（盛世东元南区）、阜丰家园东门夜市、沟子板村联通公司工地、宏利烟酒吕祖庙街店。赛罕区:东万达广场三楼拿渡麻辣香锅、昭乌达蒙餐桥华店、国际蒙医院10楼、翠海酒店洗浴、泽成冰煮羊三分店（大学东路）。土左旗：金川金一道中汽慧普检测站、金川金厦广场。呼和浩特市疾病预防控制中心2022年10月1日,,,,呼和浩特市23例本土阳性感染者活动轨迹公布,3,3,22,2022-10-01 19:57,,['https://wx3.sinaimg.cn/large/0020RiiWly1h6q1bvi6zbj60j60eet9x02.jpg'],,
4819876383032201,M8l4GcIOt,2906218975,偶脚得偶还可以抢救一下,看见好几个评论说要把这条转到推上去，但我觉得即使翻译过去也没什么用，毕竟老美又不知道蚂蚁森林是咋回事，也就没办法感同身受。真想要让老美有所触动，你得这么写——美国，人均碳排放15吨，新冠辛辛苦苦死了100万人，累计减少碳排放1500万吨，三天就被糟蹋没了。,,,,,508,49,984,2022-10-01 21:39,,['https://wx3.sinaimg.cn/large/ad3961dfly1h6q3yni5atj20qo0e3jsv.jpg'],,
4820479120245529,M8AKQ11S9,1298124720,近卫步兵师,这三联生活周刊简直是在恐吓嘛，牠们敢这样描述新冠后遗症没？这写得和没有现代医疗技术的一百年前差不多，韩国还是别生了，建议一个都别生。,,,,,7,19,93,2022-10-03 13:34,Android,['https://wx4.sinaimg.cn/large/4d5fcfb0ly1h6s1hibgv3j20qo3euqtp.jpg'],,
4819854870451037,M8kvZ1TkN,1670458304,神嘛事儿,上海的金融圈儿普遍不信有新冠了吗刚才烫火锅正开心呢，弹出一个消息，我觉得很魔幻啊,,,,,79,111,1863,2022-10-01 20:13,iPhone XS Max,,,
4820397356484032,M8yCXrcNa,1368805177,辽视第一时间,【10月2日0时至24时#辽宁新增1例本土新冠肺炎确诊病例#为朝阳市报告】10月2日0-24时，辽宁省新增1例本土新冠肺炎确诊病例，为朝阳市报告；新增1例境外输入无症状感染者，为大连市报告。治愈出院境外输入新冠肺炎确诊病例4例；解除医学观察境外输入无症状感染者1例。　　截至10月2日24时，全省累计报告确诊病例1896例（含境外输入300例），治愈出院1880例，死亡2例，在院治疗14例（本土6例、境外输入8例）。目前，尚在医学观察的无症状感染者47例（本土20例、境外输入27例）。,,,,辽宁新增1例本土新冠肺炎确诊病例,3,0,59,2022-10-03 08:09,微博 weibo.com,['https://wx4.sinaimg.cn/large/51964f39ly1h6rs2tfihyj215q0u0q84.jpg'],,
4820453916410346,M8A6bqTCG,1644114654,新京报,"【#北京大兴报告1名阳性人员#，划定高中风险区】据今日黄村官微消息，2022年10月2日，大兴区黄村镇狼垡一村出现一名新冠病毒核酸检测阳性人员，根据疾控部门意见，现就大兴区黄村镇狼垡一村风险区域划定的有关事宜通告如下：一、自2022年10月2日20时30分起，大兴区黄村镇狼垡一村内东至锅炉房西路、南至狼垡前街、西至高庙路、北至场院街的区域划定为高风险区，实行“足不出户、上门服务”管控措施；狼垡一村除上述高风险区以外其他行政区域划定为中风险区，实行“人不出区、错峰取物”管控措施；黄村镇除高风险区、中风险区外的其他区域划为低风险区，实行“个人防护、避免聚集”管控措施。二、风险区域划定期间，广大村民要按照要求，配合属地进行核酸及抗原检测，并做好自我健康监测，如出现发热、咳嗽等症状应及时主动向村委会如实报告。积极配合落实好各项防控措施及疾控部门开展的流调工作，对拒不服从管理、私自闯卡进出、隐瞒行程的，公安机关将依法依规追究相关责任。风险区域划定期间，广大村民如遇有困难或咨询事项，请拨打狼垡一村村委会电话：61222094,13910891432；黄村镇防控办电话：60216667（24小时），69246905。大兴区疾控部门将根据疫情变化形势适时调整防控措施。",,,,北京大兴报告1名阳性人员,2,4,13,2022-10-03 11:53,微博 weibo.com,['https://wx2.sinaimg.cn/large/001Ngxkily1h6rylhgdmyj60go0b474n02.jpg'],,
4820415546919609,M8z6it26B,1700648435,成都商报,【成都市金牛区新冠肺炎疫情防控指挥部关于成都市金牛区解除风险区的通告】根据当前金牛区疫情防控工作需要，按照国务院应对新型冠状病毒肺炎疫情联防联控机制综合组《新型冠状病毒肺炎防控方案（第九版）》的规定和专家综合评估，经成都市金牛区新冠肺炎疫情防控指挥部研究决定：自2022年10月3日0时起，解除荷花池街道一环路北二段7号、西北桥北街100号，西北桥东街1、3、5、7号，北站西二路4（32栋）、6、20号的中风险区管控措施。自2022年10月3日0时起，成都市金牛区全域无高、中、低风险区，全域实施常态化防控措施。成都市金牛区新冠肺炎疫情防控指挥部2022年10月2日,,,,,2,4,16,2022-10-03 09:21,,['https://wx2.sinaimg.cn/large/001R5Kltgy1h6ru4pjug6j60wi278gp602.jpg'],,
4820115097388425,M8rhHv049,6928905395,大风视频,【男子多次无故不参加全员核酸检测被处以行政拘留十日】10月2日，西安市公安局雁塔分局发布警情通报，内容为：9月29日，西安市雁塔区袁某(男，46岁)被诊断为新冠肺炎无症状感染者。经查:袁某未遵守疫情防控规定，多次无故不参加全员核酸检测，期间在防疫部门通过电话及短信告知其补采核酸检测后，仍拒不遵守防疫规定进行补采。其行为造成一定严重后果，影响防疫工作开展。依照《中华人民共和国治安管理处罚法》第五十条第一款第一项之规定，雁塔分局依法对袁某处以行政拘留十日。警方提示:疫情防控，人人有责。广大市民群众要主动配合疫情防控工作，严格按照规定及时进行核酸检测，对违反相关防疫规定构成违法犯罪的，公安机关将坚决依法查处。华商报记者卿荣波编辑ZJL大风视频的微博视频,,,,,32,222,1151,2022-10-02 13:27,微博视频号,,"http://f.video.weibocdn.com/o0/8W75UchXlx07ZFqxAHKM010412004wZH0E010.mp4?label=mp4_720p&template=720x1280.24.0&ori=0&ps=1BVp4ysnknHVZu&Expires=1666617701&ssig=c3Ab9F08cI&KID=unistore,video",
4820411000292572,M8yYY1e6U,2542108667,内蒙古自治区卫生健康委员会,"截至10月2日24时内蒙古自治区新冠肺炎疫情最新情况10月2日0—24时，内蒙古自治区报告新增本土确诊病例80例，其中呼和浩特市77例（含3例由无症状感染者转为确诊病例）、包头市1例（在东河区）、鄂尔多斯市2例（均在达拉特旗）；无症状感染者23例，其中呼和浩特市21例、呼伦贝尔市1例（在满洲里市）、赤峰市1例（在林西县）。境外输入确诊病例7例，无症状感染者7例，均由首都机场国际航班分流至呼和浩特白塔国际机场。本土确诊病例治愈出院24例，均在赤峰市（松山区15例、翁牛特旗7例、阿鲁科尔沁旗2例），解除医学观察的本土无症状感染者28例，均在赤峰市（松山区15例、翁牛特旗13例）。境外输入确诊病例治愈出院3例，均由首都机场国际航班分流至呼和浩特白塔国际机场。截至10月2日24时，内蒙古自治区现有本土确诊病例138例，其中呼和浩特市121例、包头市3例（在东河区）、赤峰市12例（松山区8例、翁牛特旗4例）、鄂尔多斯市2例（均在达拉特旗）,本土无症状感染者50例，其中呼和浩特市29例、呼伦贝尔市1例（在满洲里市）、赤峰市16例（松山区10例、林西县1例、翁牛特旗5例）、锡林郭勒盟1例（在二连浩特市）、巴彦淖尔市3例（临河区2例、五原县1例）。境外输入确诊病例11例，无症状感染者11例，在呼和浩特市。以上人员均在定点医院隔离治疗，所有密切接触者都在指定场所集中隔离医学观察，严防疫情扩散蔓延。（皇利华供稿）",,,,,5,21,19,2022-10-03 09:03,iPhone客户端,,,
4820353262551383,M8xtQaHJl,3043504277,北美票帝,#票帝新闻#自10月1日起，来往加拿大不再强制需要新冠疫苗证明、核酸检测证明、隔离等，与疫情前一致。（本来早就发了，不知道图中触发哪个g点，居然0阅读量…,,,,票帝新闻,14,7,131,2022-10-03 05:13,,['https://wx1.sinaimg.cn/large/b5683095gy1h6rn185i0hj20u012aq8b.jpg'],,
4819727047723583,M8hbOwpfV,7563543395,法医周亦武,法医周亦武1、我的爱车🚗马上就20年了，和🐷小屁他大爷@法医刘良在2003参与SARS标本的提取；参与新冠，在2020年春武汉封城期间一直奔跑在路上；#初入职场的我们法医季#也陪伴上镜。20年如一日从未抛锚（）2、9月28日7点20分，前面一个出租车违章在路口右转实线内急刹违章载客，实线内无法变道只好在后面剎车等待，然后车猛然被＂推＂，防抱死装置启动，车尾被追尾了⋯，好多年没有发生这样的事情了……后方司机也反复道歉：刹车系统不太好。建议私了⋯唉，车虽修了，但多少不如以前。幸运的是大家都无大碍！开车路上，请一定遵守交通规则！勿在路口呼叫的士，勿在路口停车载客，平时多注意自己的车况！3、好消息：自10月1日起，15年以上的车每年只年审一次，安全第一，继续开我的小马⋯L法医周亦武的微博视频,,,法医刘良,初入职场的我们法医季,2,77,784,2022-10-01 11:45,微博视频号,,"http://f.video.weibocdn.com/o0/Ss4BSUIXlx07ZDVAZ3Pa01041200iLkc0E010.mp4?label=mp4_720p&template=720x960.24.0&ori=0&ps=1BVp4ysnknHVZu&Expires=1666617701&ssig=u84z6CVCSW&KID=unistore,video",
4820391724058176,M8ytSh1Is,1959444680,云南网,#抗击疫情云南在行动#【10月2日0时至24时，云南省新冠肺炎疫情最新情况】10月2日0-24时，全省新冠肺炎疫情情况如下：新增境外输入感染者2例，均为无症状感染者（航空输入）。新增外省入滇感染者3例，均为无症状感染者（建水2例、官渡1例）。新增省内感染者30例，其中确诊病例5例（西山2例、瑞丽1例、勐海1例、镇康1例），无症状感染者25例（勐海15例、瑞丽5例、西山3例、耿马1例、盈江1例）。既往无症状感染者转为确诊病例1例（瑞丽）。（云南省卫生健康委员会）,,,,抗击疫情 云南在行动,12,0,59,2022-10-03 07:46,微博 weibo.com,['https://wx1.sinaimg.cn/large/74cac0c8gy1h6rrgcme3yj20zk0f4401.jpg'],,
4820118293186748,M8rmRdn1a,2145932164,东莞日报,【#2022年10月2日东莞市新冠肺炎疫情情况#】10月2日0—12时，我市新增1例外省输入无症状感染者，为非闭环管理重点人员筛查发现，情况如下：O2022年10月2日东莞市新冠肺炎疫情情况,,,,2022年10月2日东莞市新冠肺炎疫情情况,4,2,39,2022-10-02 13:40,iPhone客户端,,,
4820202515334204,M8tyHmnFy,2621516563,咸阳日报,【男子多次无故不参加全员核酸检测，后被诊断为无症状感染者，西安雁塔警方：行拘】10月2日，西安市公安局雁塔分局发布警情通报，2022年9月29日，该区袁某(男，46岁)被诊断为新冠肺炎无症状感染者。经查：袁某未遵守疫情防控规定，多次无故不参加全员核酸检测，期间在防疫部门通过电话及短信告知其补采核酸检测后，仍拒不遵守防疫规定进行补采。其行为造成一定严重后果，影响防疫工作开展。依照《中华人民共和国治安管理处罚法》第五十条第一款第一项之规定，该局依法对袁某处以行政拘留十日。警方提示：疫情防控，人人有责。广大市民群众要主动配合疫情防控工作，严格按照规定及时进行核酸检测，对违反相关防疫规定构成违法犯罪的，公安机关将坚决依法查处。@雁塔公安,,,雁塔公安,,33,259,2415,2022-10-02 19:14,微博 weibo.com,['https://wx1.sinaimg.cn/large/9c412b13ly1h6r5pgk6pkj20go0xkmz6.jpg'],,
4819906707850256,M8lRAwWd2,5564927603,无心简影,上月的一条新闻，美国洛杉矶加州大学上月21日公布的数据，在加州，亚太裔（亚裔和太平洋岛民）成年人每12人中就有1人因为新冠疫情遭遇过仇恨事件，其中84%表示曾经被辱骂或侮辱。调查还发现，超过五分之一（22%）的亚太裔成年人，目睹了另一名亚太裔成年人，被施以不同形式的攻击和侮辱。,,,,,24,39,273,2022-10-01 23:39,微博 weibo.com,['https://wx4.sinaimg.cn/large/0064BRSPly1h6q7mxfib2j30u07ndb29.jpg'],,
4819873518323014,M8l03yVca,7326107483,柳佳衣,美国制造的这个新冠病毒，是要把人类灭绝吗？国外的孕妇传染新冠病毒自身无症状还打过三针辉瑞疫苗结果生下来的婴儿双肺全白，孩子基本完了。同一个医生说另外5个同样的孩子，全死了了。这就是网红张说的大号感冒？,,,,,56,45,291,2022-10-01 21:27,,"['https://wx4.sinaimg.cn/large/007ZNBdVly1h6q3xrtf04j30tp1bm11d.jpg', 'https://wx4.sinaimg.cn/large/007ZNBdVly1h6q3xsa8ukj30tp1bxk0x.jpg', 'https://wx1.sinaimg.cn/large/007ZNBdVly1h6q3xss5a6j30tz1aqk1w.jpg', 'https://wx1.sinaimg.cn/large/007ZNBdVly1h6q3xtb2ajj30tp19adp8.jpg']",,
4820094608474562,M8qKEzyCu,6335428789,阿司匹林42195米,奥密克戎时代，阳性病人传给家人的机会有多大？这是最近发表的一项西班牙的前瞻性研究，分析了在2021年9月到2022年2月之间新冠病毒的家庭二次感染率有多大，即病人再传给家人的可能性。这段时间里西班牙从德尔塔突变株转换成了奥密克戎突变株。研究者找到227名有症状的新冠病人，追踪了他们的466名家庭密接者（包括孩子）。研究者发现：1，德尔塔时期家庭二次感染率为58.2%(95%置信区间49.1%~62.6%)，而奥密克戎时期二次感染率增加为80.9%(95%置信区间75.0%~86.9%)。2，在德尔塔时期，没打疫苗的家庭接触者的感染概率是打过疫苗人的5.42倍（95%置信期间为1.6~18.6)。但接种20周后，这种优势就消失了，估计是疫苗产生的中和抗体下降了，就不能防感染了。3，如果家人在打了疫苗后的20周内，就是说疫苗的作用还在的话，奥密克戎时期家人被感染的风险是德尔塔时期的9.16倍（95%置信区间3.4-25.0)。这可能是因为疫苗产生的抗体挡得住德尔塔，但挡不住奥密克戎，它就长驱直入，感染密接者。论文提到对于德尔塔突变株，世界各国研究的总体二次感染率为22.5%，奥密克戎为42.7%。作者提到他们的研究方法上和其他研究有些不同，所以得出的二次感染的数值更高一些。不管怎样，奥密克戎浪潮中，阳性病人更容易把病毒传给家属。有机会打加强针的话就一定打，把中和抗体水平拉上来，保护自己尽量不被感染。#阿医生说病毒#,,,,阿医生说病毒,46,48,224,2022-10-02 12:06,微博轻享版,['https://wx3.sinaimg.cn/large/006UKOrjgy1h6qtbx3sglj30n012mgs9.jpg'],,
4820243551098610,M8uCT4BNw,6372196907,乃木坂46,【新闻更新】中村丽乃「30thSGUnderLive〜大阪公演〜」休演及感染新冠的通知O网页链接,,,,,26,15,113,2022-10-02 21:58,,,,
